city_name,neighborhood_official_name
Barranquilla,ABAJO
Barranquilla,ALAMEDA
Barranquilla,ALAMEDA DEL RIO
Barranquilla,ALBORAYA
Barranquilla,ALFONSO LOPEZ
Barranquilla,ALPES
Barranquilla,ALTAMIRA
Barranquilla,ALTO DE RIOMAR
Barranquilla,ALTO DE SANVICENTE
Barranquilla,ALTO PRADO
Barranquilla,ALTOS DE BUENAVISTA
Barranquilla,ALTOS DE LOS ROSALES
Barranquilla,ALTOS DE MIRAMAR
Barranquilla,ALTOS DE RIOMAR
Barranquilla,ALTOS DE SANVICENTE
Barranquilla,ALTOS DEL LIMON
Barranquilla,ALTOS DEL LIMONAR
Barranquilla,ALTOS DEL PARQUE
Barranquilla,ALTOS DEL PRADO
Barranquilla,AMERICA
Barranquilla,ANDALUCIA
Barranquilla,ANDES
Barranquilla,ARBORAYA
Barranquilla,ATLANTICO
Barranquilla,BARLOVENTO
Barranquilla,BARRANQUILLA
Barranquilla,BARRANQUILLITA
Barranquilla,BARRIO ABAJO
Barranquilla,BARRIO EL PARAISO
Barranquilla,BELLAVISTA
Barranquilla,BETANIA
Barranquilla,BOSQUE
Barranquilla,BOSTON
Barranquilla,BOYACA
Barranquilla,BRISAS DEL MAR
Barranquilla,BUENAVISTA
Barranquilla,BUENOS AIRES
Barranquilla,CAMPINA
Barranquilla,CAMPITO
Barranquilla,CAMPO ALEGRE
Barranquilla,CARIBE VERDE
Barranquilla,CARMEN
Barranquilla,CASTELLANA
Barranquilla,CASTELLANA REAL
Barranquilla,CASTILLO
Barranquilla,CEIBA
Barranquilla,CENTRO
Barranquilla,CENTRO COMERCIAL CARNAVAL
Barranquilla,CEVILLAR
Barranquilla,CHIQUINQUIRA
Barranquilla,CIRCUNVALAR
Barranquilla,CIUDAD DE MALLORQUIN
Barranquilla,CIUDAD DEL RIO
Barranquilla,CIUDAD JARDIN
Barranquilla,CIUDAD MALLORQUIN PUERTO COLOMBIA
Barranquilla,CIUDADELA
Barranquilla,CIUDADELA 20 DE JULIO
Barranquilla,COLOMBIA
Barranquilla,CONCEPCION
Barranquilla,CONIDEC
Barranquilla,CORDIALIDAD
Barranquilla,CORREGIMIENTO DE JUAN MINA
Barranquilla,COUNTRY
Barranquilla,COUNTRY CLUB VILLA
Barranquilla,CUMBRE
Barranquilla,DELICIAS
Barranquilla,DELICIAS NORTE
Barranquilla,DESCONOCIDO
Barranquilla,ESTRELLAS
Barranquilla,FERIAS
Barranquilla,FLORES
Barranquilla,FLORESTA
Barranquilla,GALAPA
Barranquilla,GOLF
Barranquilla,GOLF ALTO PRADO
Barranquilla,GRANADILLO
Barranquilla,GRANJAS
Barranquilla,HORIZONTE
Barranquilla,INDUSTRIAL VIA 40
Barranquilla,JOBOS
Barranquilla,JUAN MINA
Barranquilla,LAGO ALTO
Barranquilla,LAGOS DE CAUJARAL
Barranquilla,LIBERTADORES
Barranquilla,LIMON
Barranquilla,LIMONCITO
Barranquilla,LOMA
Barranquilla,LUCERO
Barranquilla,MAGDALENA
Barranquilla,MALAMBO
Barranquilla,MALLORQUIN
Barranquilla,MALVINAS
Barranquilla,MERCEDES
Barranquilla,MERCEDES NORTE
Barranquilla,MERCEDES SUR
Barranquilla,METROPARQUE
Barranquilla,METROPOLITANA
Barranquilla,MIRAMAR
Barranquilla,MODELO
Barranquilla,MONTECRISTO
Barranquilla,MONTES
Barranquilla,MURILLO
Barranquilla,NIEVES
Barranquilla,NOGALES
Barranquilla,NUEVA COLOMBIA
Barranquilla,NUEVA GRANADA
Barranquilla,NUEVO HORIZONTE
Barranquilla,OLAYA
Barranquilla,OLAYA HERRERA
Barranquilla,OLIVOS
Barranquilla,OLIVOS II
Barranquilla,PALMAS
Barranquilla,PALQUEMA
Barranquilla,PARAISO
Barranquilla,PARQUE LOGISTICO CALIFORNIA ETAPA 1
Barranquilla,PARTE DE ALTOS DEL PRADO
Barranquilla,PARTE DE PARAISO
Barranquilla,PASEO DE LA CASTELLANA
Barranquilla,PAZ
Barranquilla,PAZ SECTOR CCIAL
Barranquilla,PINOS
Barranquilla,PLAYA
Barranquilla,POBLADO
Barranquilla,POR FIN
Barranquilla,PORTAL DE GENOVES
Barranquilla,PORVENIR
Barranquilla,PRADERA
Barranquilla,PRADO
Barranquilla,PRADO BLLA
Barranquilla,PRADO MAR
Barranquilla,PUEBLITO
Barranquilla,PUEBLO
Barranquilla,PUERTA DORADA
Barranquilla,PUERTO COLOMBIA
Barranquilla,PUMAREJO
Barranquilla,REBOLO
Barranquilla,RECREO
Barranquilla,RIO ALTO
Barranquilla,RIOMAR
Barranquilla,ROSALES
Barranquilla,ROSARIO
Barranquilla,SABANILLA
Barranquilla,SALGAR
Barranquilla,SAN FELIPE
Barranquilla,SAN FRANCISCO
Barranquilla,SAN ISIDRO
Barranquilla,SAN JOSE
Barranquilla,SAN LUIS
Barranquilla,SAN PEDRO
Barranquilla,SAN PEDRO ALEJANDRINO
Barranquilla,SAN ROQUE
Barranquilla,SAN ROQUE SUR
Barranquilla,SAN SALVADOR
Barranquilla,SAN VICENTE
Barranquilla,SANTA ANA
Barranquilla,SANTA ELENA
Barranquilla,SANTA HELENA
Barranquilla,SANTA MONICA
Barranquilla,SANTO DOMINGO DE GUZMAN
Barranquilla,SANTUARIO
Barranquilla,SEVILLA REAL
Barranquilla,SIAPE
Barranquilla,SIERRA
Barranquilla,SIERRITA
Barranquilla,SILENCIO
Barranquilla,SIMON BOLIVAR
Barranquilla,SOLEDAD
Barranquilla,SOLEDAD 2000
Barranquilla,SUROCCIDENTE
Barranquilla,TABOR
Barranquilla,TAYRONA
Barranquilla,TIVOLI
Barranquilla,TRUPILLOS
Barranquilla,UNION
Barranquilla,UNIVERSAL
Barranquilla,URBANIZACION LA PLAYA
Barranquilla,VIA 40
Barranquilla,VIA CORDIALIDAD
Barranquilla,VIA JUAN MINA
Barranquilla,VICTORIA
Barranquilla,VIEJO PRADO
Barranquilla,VILLA CAMPESTRE
Barranquilla,VILLA CAROLINA
Barranquilla,VILLA COUNTRY
Barranquilla,VILLA DE ANDALUCIA
Barranquilla,VILLA DEL ESTE
Barranquilla,VILLA JULIA
Barranquilla,VILLA PARAISO
Barranquilla,VILLA SAN PEDRO
Barranquilla,VILLA SANTOS
Barranquilla,VILLA TIVOLY
Barranquilla,ZONA FRANCA
Bello,ALCALA
Bello,ALTOS DE NIQUIA
Bello,AMAZONIA
Bello,BARRIO CENTRAL
Bello,BARRIO MESA BELLO
Bello,BARRIO NUEVO
Bello,BARRIO OBRERO
Bello,BARRIO PEREZ
Bello,BELLAVISTA
Bello,BELLO CENTRO
Bello,BOYACA LAS BRISAS
Bello,BUCAROS
Bello,BUCAROS 1
Bello,BUCAROS 2
Bello,BUCAROS UNIDAD MONTIARA
Bello,BUENOS AIRES
Bello,CABANA
Bello,CABANAS
Bello,CABANAS PARTE ALTA
Bello,CABANITAS
Bello,CAIRO
Bello,CALLE VIEJA
Bello,CARMELO
Bello,CENTRAL
Bello,CENTRO
Bello,CENTRO BELLO
Bello,CIUDAD DE LOS PUERTOS
Bello,CIUDAD FABRICATO
Bello,CIUDAD NIQUIA
Bello,CONGOLO
Bello,COPACABANA
Bello,CUMBRE
Bello,DUCADO
Bello,ESTACION
Bello,FABRICATO
Bello,FLORIDA
Bello,GABRIELA
Bello,GRAN AVENIDA
Bello,GUASIMALITO
Bello,HATO NUEVO
Bello,HATO VIEJO
Bello,HERMOSA PROVINCIA
Bello,MACHADO
Bello,MADERA
Bello,MANCHESTER
Bello,MESA
Bello,MIRADOR
Bello,MOLINARES
Bello,NAVARRA
Bello,NIQUIA
Bello,NIQUIA CIUDAD NIQUIA
Bello,NIQUIA HERMOSA PROVINCIA
Bello,NIQUIA PUERTA DEL NORTE
Bello,NIQUIA TERRANOVA
Bello,NOGALES SAN GABRIEL
Bello,NORTE AMERICA
Bello,OBRERO
Bello,PANAMERICANO
Bello,PARIS
Bello,PARQUE
Bello,PARQUE DE BELLO
Bello,PARQUE PRINCIPAL
Bello,PEREZ
Bello,PLAYA RICA
Bello,PRADO
Bello,PRIMAVERA
Bello,PUERTOS
Bello,RIACHUELOS
Bello,RINCON SANTO
Bello,ROSALPI
Bello,ROSARIO
Bello,SAN FELIX
Bello,SAN GABRIEL
Bello,SAN JOSE OBRERO
Bello,SAN MARTIN
Bello,SAN SIMON
Bello,SANTA ANA
Bello,SANTANA
Bello,SECTOR MACHADO
Bello,SERRAMONTE
Bello,SUAREZ
Bello,TERRANOVA
Bello,TRAPICHE
Bello,VALADARES
Bello,VALERIAS
Bello,VILLAS DEL SOL
Bello,ZAMORA
Bogotá D.C.,1 DE MAYO
Bogotá D.C.,11 DE NOVIEMBRE
Bogotá D.C.,12 DE OCTUBRE
Bogotá D.C.,20 DE JULIO
Bogotá D.C.,7 DE AGOSTO
Bogotá D.C.,ABRAHAM LINCOLN
Bogotá D.C.,ACACIAS DE BELMIRA
Bogotá D.C.,ACASIAS USAQUEN
Bogotá D.C.,ACEVEDO TEJADA
Bogotá D.C.,AEROPUERTO
Bogotá D.C.,AEROPUERTO EL DORADO
Bogotá D.C.,AGUAS
Bogotá D.C.,ALAMEDA
Bogotá D.C.,ALAMEDA 170
Bogotá D.C.,ALAMOS
Bogotá D.C.,ALAMOS INDUSTRIAL
Bogotá D.C.,ALAMOS NORTE
Bogotá D.C.,ALCALA
Bogotá D.C.,ALCAZARES
Bogotá D.C.,ALCAZARES NORTE
Bogotá D.C.,ALEJANDRIA
Bogotá D.C.,ALEJANDRIA MAZUREN
Bogotá D.C.,ALFONSO LOPEZ
Bogotá D.C.,ALHAMBRA
Bogotá D.C.,ALHAMBRA MONACO
Bogotá D.C.,ALMERIA
Bogotá D.C.,ALQUERIA
Bogotá D.C.,ALQUERIA LA FRAGUA
Bogotá D.C.,ALQUERIA VENECIA
Bogotá D.C.,ALSACIA
Bogotá D.C.,ALTAMIRA
Bogotá D.C.,ALTOS DE BELLA SUIZA
Bogotá D.C.,ALTOS DE CABRERA
Bogotá D.C.,ALTOS DE CHICO
Bogotá D.C.,ALTOS DE JAVERIANA
Bogotá D.C.,ALTOS DE LA CABRERA
Bogotá D.C.,ALTOS DE LA COLINA
Bogotá D.C.,ALTOS DE MONTEARROYO
Bogotá D.C.,ALTOS DE SOTILEZA MONTICELLO
Bogotá D.C.,ALTOS DE SUBA
Bogotá D.C.,ALTOS DE TORCA
Bogotá D.C.,ALTOS DEL BOSQUE
Bogotá D.C.,ALTOS DEL CHICO
Bogotá D.C.,ALTOS DEL REFUGIO
Bogotá D.C.,ALTOS DEL RETIRO
Bogotá D.C.,ALTOS DEL VIRREY
Bogotá D.C.,AMERICAS
Bogotá D.C.,AMERICAS PUENTE ARANDA
Bogotá D.C.,AMOBLADO HERMOSO SAN MARTIN CENTRO INTERNACIONAL
Bogotá D.C.,ANDALUCIA
Bogotá D.C.,ANDES
Bogotá D.C.,ANDES NOROCCIDENTE
Bogotá D.C.,ANDES NORTE
Bogotá D.C.,ANDINO EL RETIRO
Bogotá D.C.,ANTIGUO CAMINO A SUBA
Bogotá D.C.,ANTIGUO COUNTRY
Bogotá D.C.,ANTONIO NARINO
Bogotá D.C.,ARABIA
Bogotá D.C.,ARMENIA
Bogotá D.C.,ARRAYANES
Bogotá D.C.,ASUNCION
Bogotá D.C.,ATABANZA
Bogotá D.C.,AURES
Bogotá D.C.,AURORA
Bogotá D.C.,AUTOPISTA NORTE
Bogotá D.C.,AUTOPISTA SUR
Bogotá D.C.,AV EL DORADO
Bogotá D.C.,AV JIMENEZ
Bogotá D.C.,AVENIDA CALLE 80
Bogotá D.C.,AVENIDA CHILE
Bogotá D.C.,AVENIDA EL DORADO
Bogotá D.C.,BACATA
Bogotá D.C.,BALCON DE LINDARAJA
Bogotá D.C.,BAQUERO
Bogotá D.C.,BAQUERO MUEQUETA
Bogotá D.C.,BARRANCAS
Bogotá D.C.,BARRANCAS NORTE
Bogotá D.C.,BARRANCAS USAQUEN
Bogotá D.C.,BARRIO BONANZA
Bogotá D.C.,BARRIO CHICO
Bogotá D.C.,BARRIO LA CAROLINA
Bogotá D.C.,BARRIO LOS ROSALES
Bogotá D.C.,BARRIOS UNIDOS
Bogotá D.C.,BATAN
Bogotá D.C.,BATAN II SECTOR
Bogotá D.C.,BATAN LAGOS DE CORDOBA
Bogotá D.C.,BELALCAZAR
Bogotá D.C.,BELEN
Bogotá D.C.,BELEN FONTIBON
Bogotá D.C.,BELLA SUIZA
Bogotá D.C.,BELLA SUIZA ALTA
Bogotá D.C.,BELLA SUIZA USAQUEN
Bogotá D.C.,BELLAVISTA
Bogotá D.C.,BELLAVISTA OCCIDENTAL
Bogotá D.C.,BELLAVISTA ROSALES
Bogotá D.C.,BELMIRA
Bogotá D.C.,BOCHICA
Bogotá D.C.,BOCHICA II
Bogotá D.C.,BOGOTA
Bogotá D.C.,BOGOTA ANTONIO NARINO
Bogotá D.C.,BOGOTA AUTOPISTA NORTE LAGOS DE TORCA
Bogotá D.C.,BOGOTA| SAN JOSE DE BAVARIA
Bogotá D.C.,BOLIVIA
Bogotá D.C.,BONANZA
Bogotá D.C.,BOSA
Bogotá D.C.,BOSA EL PORVENIR
Bogotá D.C.,BOSA GUALOCHE
Bogotá D.C.,BOSQUE CALDERON
Bogotá D.C.,BOSQUE DE LA CANADA
Bogotá D.C.,BOSQUE DE LOS LAGARTOS
Bogotá D.C.,BOSQUE DE MEDINA
Bogotá D.C.,BOSQUE DE MODELIA
Bogotá D.C.,BOSQUE DE PINOS
Bogotá D.C.,BOSQUE DE PINOS III
Bogotá D.C.,BOSQUE DE TORCA
Bogotá D.C.,BOSQUE IZQUIERDO
Bogotá D.C.,BOSQUE MEDINA
Bogotá D.C.,BOSQUE MEDINA USAQUEN
Bogotá D.C.,BOSQUE POPULAR
Bogotá D.C.,BOSQUES DE GRATAMIRA
Bogotá D.C.,BOSQUES DE LA CANADA
Bogotá D.C.,BOSQUES DE MEDINA
Bogotá D.C.,BOSQUES DE MODELIA
Bogotá D.C.,BOSQUES DE PINO I
Bogotá D.C.,BOSQUES DE PINOS
Bogotá D.C.,BOSQUES DEL MARQUES
Bogotá D.C.,BOSQUES MEDINA
Bogotá D.C.,BOYACA
Bogotá D.C.,BOYACA REAL
Bogotá D.C.,BRISAS
Bogotá D.C.,BRISAS ALDEA FONTIBON
Bogotá D.C.,BRITALIA
Bogotá D.C.,BRITALIA NORTE
Bogotá D.C.,BUENA VISTA
Bogotá D.C.,BULEVAR LAS VILLAS
Bogotá D.C.,BULEVAR NIZA
Bogotá D.C.,C C BULEVAR NIZA
Bogotá D.C.,CABRERA
Bogotá D.C.,CABRERA CHICO
Bogotá D.C.,CABRERA CHICO LAGO
Bogotá D.C.,CABRERA EL REFUGIO
Bogotá D.C.,CABRERA RESERVADO
Bogotá D.C.,CALATAYUD
Bogotá D.C.,CALATRAVA
Bogotá D.C.,CALATRAVA ALTA
Bogotá D.C.,CALERA
Bogotá D.C.,CALLE 100
Bogotá D.C.,CALLE JA
Bogotá D.C.,CALLEJA
Bogotá D.C.,CALLEJA ALTA
Bogotá D.C.,CALLEJA BAJA
Bogotá D.C.,CALLEJA COUNTRY
Bogotá D.C.,CAMINO DE ARRAYANES
Bogotá D.C.,CAMINO DE LOS ARRAYANES
Bogotá D.C.,CAMPIN
Bogotá D.C.,CAMPINA
Bogotá D.C.,CANAIMA
Bogotá D.C.,CANDELARIA
Bogotá D.C.,CANDELARIA BELEN
Bogotá D.C.,CANDELARIA CENTRO
Bogotá D.C.,CANELO CONJUNTO RESIDENCIAL
Bogotá D.C.,CANTALEJO
Bogotá D.C.,CAOBOS CEDRITOS
Bogotá D.C.,CAOBOS LAS MARGARITAS
Bogotá D.C.,CAOBOS SALAZAR
Bogotá D.C.,CAPELLANIA
Bogotá D.C.,CAPRI
Bogotá D.C.,CAPUCHINA
Bogotá D.C.,CARLOS LLERAS
Bogotá D.C.,CARMEN
Bogotá D.C.,CAROLINA
Bogotá D.C.,CAROLINA COUNTRY
Bogotá D.C.,CAROLINA SANTA BARBARA
Bogotá D.C.,CARVAJAL
Bogotá D.C.,CARVAJAL SUR
Bogotá D.C.,CASA BLANCA
Bogotá D.C.,CASA BLANCA I
Bogotá D.C.,CASA BLANCA NORTE
Bogotá D.C.,CASA BLANCA SECTOR EL PLAN
Bogotá D.C.,CASA BLANCA SUBA
Bogotá D.C.,CASABLANCA
Bogotá D.C.,CASALINDA
Bogotá D.C.,CASTELLANA
Bogotá D.C.,CASTELLANA OCCIDENTAL
Bogotá D.C.,CASTILLA
Bogotá D.C.,CASTILLA VALLADOLID
Bogotá D.C.,CATALUNA
Bogotá D.C.,CATEDRAL
Bogotá D.C.,CAZUCA
Bogotá D.C.,CEDRITOS
Bogotá D.C.,CEDRITOS ACACIAS
Bogotá D.C.,CEDRITOS ALCALA
Bogotá D.C.,CEDRITOS CAOBOS
Bogotá D.C.,CEDRITOS CEDRO GOLF
Bogotá D.C.,CEDRITOS CONTADOR
Bogotá D.C.,CEDRITOS LAS MARGARITAS
Bogotá D.C.,CEDRITOS LISBOA
Bogotá D.C.,CEDRO
Bogotá D.C.,CEDRO GOLF
Bogotá D.C.,CEDRO NARVAEZ
Bogotá D.C.,CEDRO NORTE
Bogotá D.C.,CEDRO SALAZAR
Bogotá D.C.,CEDROS
Bogotá D.C.,CEDROS ORIENTAL
Bogotá D.C.,CEJA
Bogotá D.C.,CENTENARIO
Bogotá D.C.,CENTENARIO FONTIBON
Bogotá D.C.,CENTRO
Bogotá D.C.,CENTRO COMERCIAL SANTAFE
Bogotá D.C.,CENTRO DE LAS NIEVES
Bogotá D.C.,CENTRO EDUARDO SANTOS
Bogotá D.C.,CENTRO EMPRESARIAL BAVARIA
Bogotá D.C.,CENTRO EMPRESARIAL SANTA BARBARA
Bogotá D.C.,CENTRO FINANCIERO
Bogotá D.C.,CENTRO FONTIBON
Bogotá D.C.,CENTRO HISTORICO
Bogotá D.C.,CENTRO INDUSTRIAL
Bogotá D.C.,CENTRO INDUSTRIAL DE PUENTE ARANDA
Bogotá D.C.,CENTRO INTERNACIONAL
Bogotá D.C.,CENTRO INTERNACIONAL BAVARIA
Bogotá D.C.,CENTRO INTERNACIONAL DE BOGOTA
Bogotá D.C.,CENTRO INTERNACIONAL PANORAMA
Bogotá D.C.,CENTRO LA CAPUCHINA
Bogotá D.C.,CENTRO LA CATEDRAL
Bogotá D.C.,CENTRO LA MACARENA
Bogotá D.C.,CENTRO LAS AGUAS
Bogotá D.C.,CENTRO LAS NIEVES
Bogotá D.C.,CENTRO PALOQUEMAO
Bogotá D.C.,CENTRO PENSILVANIA
Bogotá D.C.,CENTRO SAN VICTORINO
Bogotá D.C.,CENTRO TEQUENDAMA
Bogotá D.C.,CENTRO VERACRUZ
Bogotá D.C.,CENTRO ZONA COLONIA
Bogotá D.C.,CENTRO ZONA COLONIAL LAS NIEVES SAN DIEGO TORRE BACATA
Bogotá D.C.,CERCA A UNICENTRO
Bogotá D.C.,CERRO NORTE
Bogotá D.C.,CERROS DE LOS ALPES
Bogotá D.C.,CERROS DE SANTA BARBARA
Bogotá D.C.,CERROS DE SUBA
Bogotá D.C.,CHANCO 1
Bogotá D.C.,CHAPINERO
Bogotá D.C.,CHAPINERO ALTO
Bogotá D.C.,CHAPINERO ALTO EMAUS
Bogotá D.C.,CHAPINERO BAJO
Bogotá D.C.,CHAPINERO CENTRAL
Bogotá D.C.,CHAPINERO GALERIAS
Bogotá D.C.,CHAPINERO JAVERIANA
Bogotá D.C.,CHAPINERO LOURDES
Bogotá D.C.,CHAPINERO MARLY
Bogotá D.C.,CHAPINERO NOROCCIDENTAL
Bogotá D.C.,CHAPINERO NORTE
Bogotá D.C.,CHAPINERO OCCIDENTAL
Bogotá D.C.,CHAPINERO OCCIDENTAL TEUSAQUILLO
Bogotá D.C.,CHAPINERO PARDO RUBIO
Bogotá D.C.,CHAPINERO QUINTA CAMACHO
Bogotá D.C.,CHAPINERO SAN LUIS
Bogotá D.C.,CHARCO
Bogotá D.C.,CHIA
Bogotá D.C.,CHICO
Bogotá D.C.,CHICO ALTO
Bogotá D.C.,CHICO ANTIGUO COUNTRY
Bogotá D.C.,CHICO AUTOPISTA
Bogotá D.C.,CHICO BAJO
Bogotá D.C.,CHICO CABRERA
Bogotá D.C.,CHICO CENTRAL
Bogotá D.C.,CHICO EL LAGO
Bogotá D.C.,CHICO EL REFUGIO
Bogotá D.C.,CHICO EL RETIRO
Bogotá D.C.,CHICO EL VIRREY
Bogotá D.C.,CHICO II
Bogotá D.C.,CHICO III
Bogotá D.C.,CHICO IQ
Bogotá D.C.,CHICO LA CABRERA
Bogotá D.C.,CHICO LAGO
Bogotá D.C.,CHICO LOS ROSALES
Bogotá D.C.,CHICO MUSEO
Bogotá D.C.,CHICO NAVARRA
Bogotá D.C.,CHICO NORTE
Bogotá D.C.,CHICO NORTE ET II
Bogotá D.C.,CHICO NORTE ET III
Bogotá D.C.,CHICO NORTE II
Bogotá D.C.,CHICO NORTE III
Bogotá D.C.,CHICO NORTE| CALLE 100| SANTA ANA | SANTA BIBIANA
Bogotá D.C.,CHICO OCCIDENTAL
Bogotá D.C.,CHICO ORIENTAL
Bogotá D.C.,CHICO PARQUE DE LA 93
Bogotá D.C.,CHICO PARQUE VIRREY
Bogotá D.C.,CHICO RESERVADO
Bogotá D.C.,CHICO RESERVADO CHICO
Bogotá D.C.,CHICO SAN PATRICIO
Bogotá D.C.,CHICO SANTA BARBARA
Bogotá D.C.,CHICONAVARRA
Bogotá D.C.,CHUCUA
Bogotá D.C.,CIUADAD SALITRE
Bogotá D.C.,CIUDAD BERNA
Bogotá D.C.,CIUDAD BOLIVAR
Bogotá D.C.,CIUDAD DE LA SALLE
Bogotá D.C.,CIUDAD HAYUELOS
Bogotá D.C.,CIUDAD JARDIN NORTE
Bogotá D.C.,CIUDAD JARDIN SUR
Bogotá D.C.,CIUDAD KENNEDY
Bogotá D.C.,CIUDAD KENNEDY CENTRAL
Bogotá D.C.,CIUDAD KENNEDY ORIENTAL
Bogotá D.C.,CIUDAD KENNEDY SUR
Bogotá D.C.,CIUDAD LA SALLE
Bogotá D.C.,CIUDAD LA SALLE LYON 2
Bogotá D.C.,CIUDAD LA SALLE MONTPELLIER
Bogotá D.C.,CIUDAD MONTES
Bogotá D.C.,CIUDAD SALITRE
Bogotá D.C.,CIUDAD SALITRE NAVARRA
Bogotá D.C.,CIUDAD SALITRE NORORIENTAL
Bogotá D.C.,CIUDAD SALITRE OCCIDENTE
Bogotá D.C.,CIUDAD SALITRE ORIENTAL
Bogotá D.C.,CIUDAD SALITRE SURORIENTAL
Bogotá D.C.,CIUDAD TINTAL
Bogotá D.C.,CIUDADELA COLSUBSIDIO
Bogotá D.C.,CIUDADELA LA FELICIDAD
Bogotá D.C.,CLINICA LA SABANA
Bogotá D.C.,CLUB LOS LAGARTOS
Bogotá D.C.,CODABAS DEL NORTE
Bogotá D.C.,COFRADIA
Bogotá D.C.,COLINA
Bogotá D.C.,COLINA CAMPESTRE
Bogotá D.C.,COLINA CAMPESTRE GILMAR
Bogotá D.C.,COLINA CAMPESTRE I Y II ETAPA
Bogotá D.C.,COLINA CLUB
Bogotá D.C.,COLINA EL PLAN
Bogotá D.C.,COLINA GRATAMIRA
Bogotá D.C.,COLINA NORTE
Bogotá D.C.,COLINA SAN JOSE DEL PRADO
Bogotá D.C.,COLINA SAN RAFAEL
Bogotá D.C.,COLINAS DE SUBA
Bogotá D.C.,COLINAS DE SUBA TORRELADERA
Bogotá D.C.,COLISEO EL CAMPIN
Bogotá D.C.,COLOMBIA
Bogotá D.C.,COLSEGUROS
Bogotá D.C.,COMERCIAL
Bogotá D.C.,COMPARTIR
Bogotá D.C.,CONCEPCION NORTE
Bogotá D.C.,CONEJERA
Bogotá D.C.,CONJUNTOS CERROS NORTE
Bogotá D.C.,CONTADOR
Bogotá D.C.,CORDOBA NIZA
Bogotá D.C.,CORFERIAS
Bogotá D.C.,CORPORATIVO
Bogotá D.C.,CORTIJO
Bogotá D.C.,COTA
Bogotá D.C.,COTA CHIA
Bogotá D.C.,COUNTRY
Bogotá D.C.,COUNTRY CLUB
Bogotá D.C.,COUNTRY LA CALLEJA
Bogotá D.C.,COUNTRY LISBOA
Bogotá D.C.,COUNTRY VIRREY
Bogotá D.C.,CRUCES
Bogotá D.C.,CUIDAD SALITRE
Bogotá D.C.,CUNDINAMARCA
Bogotá D.C.,DANUBIO AZUL
Bogotá D.C.,DELICIAS
Bogotá D.C.,DELICIAS DEL CARMEN
Bogotá D.C.,DELICIAS DEL SUR
Bogotá D.C.,DINDALITO
Bogotá D.C.,DOCE DE OCTUBRE
Bogotá D.C.,DORADO
Bogotá D.C.,EDUARDO SANTOS
Bogotá D.C.,EGIPTO
Bogotá D.C.,EJE AMBIENTAL
Bogotá D.C.,EJIDO
Bogotá D.C.,EMAUS
Bogotá D.C.,EMAUS ROSALES
Bogotá D.C.,ENCANTO
Bogotá D.C.,ENGATIVA
Bogotá D.C.,ENGATIVA CENTRO
Bogotá D.C.,ENSUENO
Bogotá D.C.,ENTRERRIOS DOCE DE OCTUBRE
Bogotá D.C.,ESCUELA DE INFANTERIA
Bogotá D.C.,ESCUELA MILITAR
Bogotá D.C.,ESMERALDA
Bogotá D.C.,ESPANOLA
Bogotá D.C.,ESPARTILLAL
Bogotá D.C.,ESPERANZA
Bogotá D.C.,ESPERANZA MODELIA
Bogotá D.C.,ESPERANZA NORTE
Bogotá D.C.,ESTACION CENTRAL
Bogotá D.C.,ESTANCIA
Bogotá D.C.,ESTANCIA BOSA SOACHA
Bogotá D.C.,ESTANZUELA
Bogotá D.C.,ESTORIL
Bogotá D.C.,ESTRADA
Bogotá D.C.,ESTRADITA
Bogotá D.C.,ESTRELLA DEL NORTE
Bogotá D.C.,EUROPA
Bogotá D.C.,FAVORITA CENTRO
Bogotá D.C.,FELICIDAD
Bogotá D.C.,FERIAS
Bogotá D.C.,FERIAS OCCIDENTAL
Bogotá D.C.,FERROCAJA
Bogotá D.C.,FLORALIA
Bogotá D.C.,FLORES
Bogotá D.C.,FLORESTA
Bogotá D.C.,FLORESTA DE LA SABANA
Bogotá D.C.,FLORESTA DE SUBA
Bogotá D.C.,FLORESTA NORTE
Bogotá D.C.,FLORIDA
Bogotá D.C.,FLORIDA BLANCA
Bogotá D.C.,FONTIBON
Bogotá D.C.,FONTIBON ATAHUALPA
Bogotá D.C.,FONTIBON BOHIOS
Bogotá D.C.,FONTIBON BRISAS ALDEA
Bogotá D.C.,FONTIBON CENTENARIO
Bogotá D.C.,FONTIBON CENTRO
Bogotá D.C.,FONTIBON COFRADIA
Bogotá D.C.,FONTIBON GIRALDA
Bogotá D.C.,FONTIBON INDUSTRIAL
Bogotá D.C.,FONTIBON LA COFRADIA
Bogotá D.C.,FONTIBON LA ROSITA
Bogotá D.C.,FONTIBON PARQUE INDUSTRIAL
Bogotá D.C.,FONTIBON PUEBLO NUEVO
Bogotá D.C.,FONTIBON PUENTE GRANDE
Bogotá D.C.,FONTIBON RECODO
Bogotá D.C.,FONTIBON SAN PABLO
Bogotá D.C.,FONTIBON TINTAL
Bogotá D.C.,FONTIBON VERSALLES
Bogotá D.C.,FONTIBON VILLA BEATRIZ
Bogotá D.C.,FONTIBON VILLEMAR
Bogotá D.C.,FONTIBON ZONA FRANCA
Bogotá D.C.,FRAGUA
Bogotá D.C.,FRAGUITA
Bogotá D.C.,FUNZA
Bogotá D.C.,FUNZA MOSQUERA
Bogotá D.C.,FUNZA PARQUE INDUSTRIAL
Bogotá D.C.,FUNZA SIBERIA
Bogotá D.C.,GAITAN
Bogotá D.C.,GAITANA
Bogotá D.C.,GALAN
Bogotá D.C.,GALERIAS
Bogotá D.C.,GALERIAS CHAPINERO OCCIDENTAL
Bogotá D.C.,GALERIAS SEARS
Bogotá D.C.,GARCES NAVAS
Bogotá D.C.,GILMAR
Bogotá D.C.,GINEBRA NORTE
Bogotá D.C.,GIRALDA
Bogotá D.C.,GORGONZOLA
Bogotá D.C.,GRAN AMERICA
Bogotá D.C.,GRAN GRANADA
Bogotá D.C.,GRAN VIA
Bogotá D.C.,GRANADA
Bogotá D.C.,GRANADA NORTE
Bogotá D.C.,GRANJA
Bogotá D.C.,GRANJA NORTE
Bogotá D.C.,GRANJAS DE TECHO
Bogotá D.C.,GRANJAS EL DORADO
Bogotá D.C.,GRATAMIRA
Bogotá D.C.,GRATAMIRA CAMPESTRE
Bogotá D.C.,GUADALQUIVIR
Bogotá D.C.,GUADALQUIVIR USAQUEN
Bogotá D.C.,GUADALUPE
Bogotá D.C.,GUADUAL
Bogotá D.C.,GUAYMARAL
Bogotá D.C.,GUAYMARAL OTRO
Bogotá D.C.,GUAYMARAL SAN SIMON
Bogotá D.C.,GUSTAVO
Bogotá D.C.,GUSTAVO RESTREPO
Bogotá D.C.,HACIENDA SAN SEBASTIAN
Bogotá D.C.,HACIENDA SAN SIMON
Bogotá D.C.,HACIENDA SAN SIMON PL 1 AL 1
Bogotá D.C.,HACIENDA SAN SIMON PL 1 AL 10
Bogotá D.C.,HAYUELOS
Bogotá D.C.,HAYUELOS CAPELLANIA
Bogotá D.C.,HEROES
Bogotá D.C.,HIPOTECHO
Bogotá D.C.,IBERIA
Bogotá D.C.,IGUALDAD
Bogotá D.C.,ILARCO
Bogotá D.C.,ILARCO PUENTE LARGO
Bogotá D.C.,INDUSTRIAL CENTENARIO
Bogotá D.C.,ISERRA 100
Bogotá D.C.,ISMAEL PERDOMO
Bogotá D.C.,JACQUELINE
Bogotá D.C.,JARDIN BOTANICO
Bogotá D.C.,JAVERIANA
Bogotá D.C.,JAVERIANA CHAPINERO
Bogotá D.C.,JAVERIANA SUCRE
Bogotá D.C.,JERICO
Bogotá D.C.,JJ VARGAS
Bogotá D.C.,JORGE ELIECER GAITAN
Bogotá D.C.,JOSE JOAQUIN VARGAS
Bogotá D.C.,JOTA VARGAS
Bogotá D.C.,JUAN XXIII
Bogotá D.C.,JULIO FLOREZ
Bogotá D.C.,JULIO FLOREZ INGRUMA
Bogotá D.C.,KENNEDY
Bogotá D.C.,KENNEDY CENTRAL
Bogotá D.C.,LABRADOR
Bogotá D.C.,LAGARTOS
Bogotá D.C.,LAGO
Bogotá D.C.,LAGO CHICO
Bogotá D.C.,LAGO COUNTRY
Bogotá D.C.,LAGO DEL COUNTRY
Bogotá D.C.,LAGO GAITAN
Bogotá D.C.,LAGO NOGAL
Bogotá D.C.,LAGOS DE CORDOBA
Bogotá D.C.,LAGOS DE SUBA
Bogotá D.C.,LAGOS DE TORCA
Bogotá D.C.,LAGOS TORCA
Bogotá D.C.,LAGUNA
Bogotá D.C.,LIJACA
Bogotá D.C.,LINDARAJA
Bogotá D.C.,LISBOA
Bogotá D.C.,LISBOA CEDRITOS
Bogotá D.C.,LISBOA NUEVO COUNTRY
Bogotá D.C.,LISBOA SECTOR COUNTRY
Bogotá D.C.,LISTON
Bogotá D.C.,LOA ALAMOS
Bogotá D.C.,LOCALIDAD CHAPINERO
Bogotá D.C.,LOS LAURELES SABANAS EL DORADO
Bogotá D.C.,LUJAN
Bogotá D.C.,MACARENA
Bogotá D.C.,MADELENA
Bogotá D.C.,MADELENA URBANO
Bogotá D.C.,MAGDALENA
Bogotá D.C.,MALIBU
Bogotá D.C.,MALLORCA
Bogotá D.C.,MANDALAY
Bogotá D.C.,MARANDU
Bogotá D.C.,MARGARITAS
Bogotá D.C.,MARIA
Bogotá D.C.,MARIA CRISTINA
Bogotá D.C.,MARLY
Bogotá D.C.,MARSELLA
Bogotá D.C.,MARTIRES
Bogotá D.C.,MAZUREN
Bogotá D.C.,MAZUREN ALEJANDRIA
Bogotá D.C.,MAZUREN COLINA
Bogotá D.C.,MERCED
Bogotá D.C.,MERCED NORTE
Bogotá D.C.,MERCEDES
Bogotá D.C.,METROPOLIS
Bogotá D.C.,MILAN
Bogotá D.C.,MILENTA
Bogotá D.C.,MINUTO DE DIOS
Bogotá D.C.,MIRADOR DEL CASTILLO
Bogotá D.C.,MIRANDELA
Bogotá D.C.,MODELIA
Bogotá D.C.,MODELIA FONTIBON
Bogotá D.C.,MODELIA HAYUELOS
Bogotá D.C.,MODELIA MALLORCA
Bogotá D.C.,MODELIA OCCIDENTAL
Bogotá D.C.,MODELIA PARA ESTRENAR
Bogotá D.C.,MODELIA SALITRE
Bogotá D.C.,MODELIA SANTA CECILIA
Bogotá D.C.,MODELO NORTE
Bogotá D.C.,MOLINOS
Bogotá D.C.,MOLINOS DEL CHICO
Bogotá D.C.,MOLINOS DEL NORTE
Bogotá D.C.,MOLINOS EL CHICO
Bogotá D.C.,MOLINOS NORTE
Bogotá D.C.,MONACO
Bogotá D.C.,MONJES
Bogotá D.C.,MONTE ARROYO
Bogotá D.C.,MONTEARROYO
Bogotá D.C.,MONTEARROYO NORTE
Bogotá D.C.,MONTECARLO
Bogotá D.C.,MONTEVIDEO
Bogotá D.C.,MONTEVIDEO FONTIBON
Bogotá D.C.,MONTEVIDEO SUR
Bogotá D.C.,MONTEVIDEO ZONA INDUSTRIAL
Bogotá D.C.,MORA VERDE
Bogotá D.C.,MORA VERDE ETAPA 1
Bogotá D.C.,MORATO
Bogotá D.C.,MORATO SANTA ROSA
Bogotá D.C.,MOSQUERA
Bogotá D.C.,MULTICENTRO
Bogotá D.C.,MUSEO DEL CHICO
Bogotá D.C.,MUSEO NACIONAL
Bogotá D.C.,MUZU
Bogotá D.C.,NARANJOS
Bogotá D.C.,NAVARRA
Bogotá D.C.,NICOLAS DE FEDERMAN
Bogotá D.C.,NIEVES
Bogotá D.C.,NIZA
Bogotá D.C.,NIZA CORDOBA
Bogotá D.C.,NIZA NORTE
Bogotá D.C.,NIZA PUENTE LARGO
Bogotá D.C.,NIZA SUBA
Bogotá D.C.,NOGAL
Bogotá D.C.,NOGAL CHAPINERO
Bogotá D.C.,NOGAL CHICO
Bogotá D.C.,NOGAL ESPARTILLAL
Bogotá D.C.,NOGAL RETIRO
Bogotá D.C.,NOGAL ROSALES
Bogotá D.C.,NOGALES
Bogotá D.C.,NOGALES DE LA COLINA
Bogotá D.C.,NOGALES DE SAN SIMON
Bogotá D.C.,NORMANDIA
Bogotá D.C.,NORMANDIA / NUESTRO BOGOTA
Bogotá D.C.,NORMANDIA II SECTOR
Bogotá D.C.,NORMANDIA OCCIDENTAL
Bogotá D.C.,NORTE DE BOGOTA
Bogotá D.C.,NORTH POINT
Bogotá D.C.,NORTH POINT BARRANCAS
Bogotá D.C.,NORTH POINT III
Bogotá D.C.,NORTH POINT NORTE
Bogotá D.C.,NUEVA AUTOPISTA
Bogotá D.C.,NUEVA CASTILLA
Bogotá D.C.,NUEVA CASTILLA TINTAL
Bogotá D.C.,NUEVA SANTAFE
Bogotá D.C.,NUEVA ZELANDIA
Bogotá D.C.,NUEVO COUNTRY
Bogotá D.C.,OCCIDENTE
Bogotá D.C.,OFICINA GRAN AMERICA
Bogotá D.C.,OLAYA
Bogotá D.C.,OLAYA HERRERA
Bogotá D.C.,ONCE DE NOVIEMBRE
Bogotá D.C.,ORQUIDEAS
Bogotá D.C.,ORTEZAL
Bogotá D.C.,ORTEZAL PUENTE ARANDA
Bogotá D.C.,PALERMO
Bogotá D.C.,PALERMO CLASICO
Bogotá D.C.,PALERMO TEUSAQUILLO
Bogotá D.C.,PALO BLANCO
Bogotá D.C.,PALOQUEMAO
Bogotá D.C.,PANTANILLO
Bogotá D.C.,PARDO RUBIO
Bogotá D.C.,PARK CHICO
Bogotá D.C.,PARKWAY
Bogotá D.C.,PARQUE CENTRAL
Bogotá D.C.,PARQUE CENTRAL BAVARIA
Bogotá D.C.,PARQUE CENTRAL BAVARIA SAN DIEGO
Bogotá D.C.,PARQUE DE LA 93
Bogotá D.C.,PARQUE DEL CHICO
Bogotá D.C.,PARQUE DEL VIRREY
Bogotá D.C.,PARQUE EL CHICO
Bogotá D.C.,PARQUE EL VIRREY
Bogotá D.C.,PARQUE EMPRESARIAL
Bogotá D.C.,PARQUE INDUSTRIAL
Bogotá D.C.,PARQUE POPULAR SALITRE
Bogotá D.C.,PARQUE VIRREY
Bogotá D.C.,PARQUES DE BOGOTA
Bogotá D.C.,PASADENA
Bogotá D.C.,PASEO
Bogotá D.C.,PATIO BONITO I
Bogotá D.C.,PAZ CENTRO
Bogotá D.C.,PENSILVANIA
Bogotá D.C.,PEPE SIERRA
Bogotá D.C.,PERDOMO
Bogotá D.C.,PIJAO DE ORO
Bogotá D.C.,PINAR
Bogotá D.C.,PINAR DE ALAMOS
Bogotá D.C.,PINAR DE SUBA
Bogotá D.C.,PINAR DE SUBA I
Bogotá D.C.,PINAR DEL CHICO
Bogotá D.C.,PINOS
Bogotá D.C.,PIO XII
Bogotá D.C.,PLAN
Bogotá D.C.,POA
Bogotá D.C.,POLO
Bogotá D.C.,POLO CLUB
Bogotá D.C.,PONTEVEDRA
Bogotá D.C.,PONTEVEDRA SAN LUIS DE POTOSI
Bogotá D.C.,PONTEVEDRA SAN NICOLAS
Bogotá D.C.,POPULAR MODELO
Bogotá D.C.,PORCINCULA
Bogotá D.C.,PORCIUNCULA
Bogotá D.C.,PORCIUNCULA AV CHILE
Bogotá D.C.,PORTAL CASTILLO
Bogotá D.C.,PORTAL DE SUBA
Bogotá D.C.,PORTAL NORTE NUEVA ZELANDIA
Bogotá D.C.,PORTALES DEL NORTE
Bogotá D.C.,PORVENIR
Bogotá D.C.,POTOSI
Bogotá D.C.,POTOSI PONTEVEDRA
Bogotá D.C.,PRADERA
Bogotá D.C.,PRADERA DE SAN CARLOS NORTE
Bogotá D.C.,PRADERA NORTE
Bogotá D.C.,PRADO
Bogotá D.C.,PRADO PINZON
Bogotá D.C.,PRADO VERANIEGO
Bogotá D.C.,PRADO VERANIEGO NORTE
Bogotá D.C.,PRADO VERANIEGO SUR
Bogotá D.C.,PRADOS DEL SALITRE
Bogotá D.C.,PRIMAVERA
Bogotá D.C.,PRIMAVERA OCCIDENTAL
Bogotá D.C.,PRIMERO DE MAYO
Bogotá D.C.,PROVENZA
Bogotá D.C.,PUEBLO VIEJO
Bogotá D.C.,PUENTE ARANDA
Bogotá D.C.,PUENTE ARANDA INDUSTRIAL
Bogotá D.C.,PUENTE GRANDE
Bogotá D.C.,PUENTE LARGO
Bogotá D.C.,PUENTE LARGO PASADENA
Bogotá D.C.,PUERTA DE TEJA
Bogotá D.C.,PUERTA DEL SOL
Bogotá D.C.,QUESADA
Bogotá D.C.,QUINTA CAMACHO
Bogotá D.C.,QUINTA MUTIS
Bogotá D.C.,QUINTA PAREDES
Bogotá D.C.,QUINTA PAREDES TEUSAQUILLO
Bogotá D.C.,QUINTAS DE SANTA BARBARA
Bogotá D.C.,QUIRIGUA
Bogotá D.C.,QUIRINAL
Bogotá D.C.,QUIROGA
Bogotá D.C.,RAFAEL NUNEZ
Bogotá D.C.,RAFAEL URIBE URIBE
Bogotá D.C.,RECODO
Bogotá D.C.,RECODO DE FONTIBON
Bogotá D.C.,RECODO DEL COUNTRY
Bogotá D.C.,RECREO
Bogotá D.C.,RECREO DE LOS FRAILES
Bogotá D.C.,RECUERDO
Bogotá D.C.,REDIL
Bogotá D.C.,REDIL 1
Bogotá D.C.,REDIL DE GALICIA
Bogotá D.C.,REFUGIO
Bogotá D.C.,REFUGIO CHICO
Bogotá D.C.,REFUGIO CHICO CENTRAL
Bogotá D.C.,REFUGIO FONTIBON
Bogotá D.C.,REFUGIO FONTIBON SAN PABLO
Bogotá D.C.,REMANSO DE CHICO
Bogotá D.C.,RESERVA CHICO
Bogotá D.C.,RESERVA DE LA SIERRA
Bogotá D.C.,RESERVA DEL CHICO
Bogotá D.C.,RESTREPO
Bogotá D.C.,RESTREPO OCCIDENTAL
Bogotá D.C.,RESTREPO ZONA COMERCIAL
Bogotá D.C.,RETIRO
Bogotá D.C.,RETIRO ALTO
Bogotá D.C.,RETIRO DE LA COLINA
Bogotá D.C.,RETIRO EL NOGAL
Bogotá D.C.,RICAURTE
Bogotá D.C.,RINCON DE CASTILLA
Bogotá D.C.,RINCON DE GRANADA
Bogotá D.C.,RINCON DE LOS ANDES
Bogotá D.C.,RINCON DEL CHICO
Bogotá D.C.,RINCON DEL PUENTE
Bogotá D.C.,RIONEGRO
Bogotá D.C.,RIONEGRO LOS ANDES
Bogotá D.C.,ROASALES BELLA VISTA
Bogotá D.C.,ROMA
Bogotá D.C.,ROSALES
Bogotá D.C.,ROSALES BAJO
Bogotá D.C.,ROSALES BELLAVISTA
Bogotá D.C.,ROSALES CHICO
Bogotá D.C.,ROSALES EMAUS
Bogotá D.C.,ROSALES QUINTA CAMACHO
Bogotá D.C.,ROSALES RESERVADO
Bogotá D.C.,ROSARIO
Bogotá D.C.,ROSARIO BARRIOS UNIDOS
Bogotá D.C.,SABANA
Bogotá D.C.,SAGRADO CORAZON
Bogotá D.C.,SALAZAR GOMEZ
Bogotá D.C.,SALITE ORIENTAL
Bogotá D.C.,SALITRE
Bogotá D.C.,SALITRE EL GRECO
Bogotá D.C.,SALITRE ESPERANZA
Bogotá D.C.,SALITRE GRECO
Bogotá D.C.,SALITRE LUIS MARIA FERNANDEZ
Bogotá D.C.,SALITRE MALOKA
Bogotá D.C.,SALITRE MODELIA
Bogotá D.C.,SALITRE NOROCCIDENTAL
Bogotá D.C.,SALITRE OCCIDENTAL
Bogotá D.C.,SALITRE ORIENTAL
Bogotá D.C.,SALLE
Bogotá D.C.,SAMPER
Bogotá D.C.,SAMPER MENDOZA
Bogotá D.C.,SAN ANDRES II SECTOR
Bogotá D.C.,SAN ANTONIO
Bogotá D.C.,SAN ANTONIO NOROCCIDENTAL
Bogotá D.C.,SAN ANTONIO NORTE
Bogotá D.C.,SAN BERNARDINO
Bogotá D.C.,SAN BERNARDO
Bogotá D.C.,SAN CAYETANO
Bogotá D.C.,SAN CIPRIANO
Bogotá D.C.,SAN CRISTOBAL NORTE
Bogotá D.C.,SAN CRISTOBAL SUR
Bogotá D.C.,SAN DIEGO
Bogotá D.C.,SAN DIEGO III
Bogotá D.C.,SAN DIEGO LA MACARENA
Bogotá D.C.,SAN FELIPE
Bogotá D.C.,SAN FELIPE BARRIOS UNIDOS
Bogotá D.C.,SAN FERNANDO
Bogotá D.C.,SAN FERNANDO BARRIOS UNIDOS
Bogotá D.C.,SAN GABRIEL NORTE
Bogotá D.C.,SAN IGNACIO
Bogotá D.C.,SAN JOAQUIN
Bogotá D.C.,SAN JOSE
Bogotá D.C.,SAN JOSE DE BAVARIA
Bogotá D.C.,SAN JOSE DE FONTIBON
Bogotá D.C.,SAN JOSE DE USAQUEN
Bogotá D.C.,SAN JOSE DEL PRADO
Bogotá D.C.,SAN JOSE SUR
Bogotá D.C.,SAN LUIS
Bogotá D.C.,SAN LUIS ALTOS DEL CABO
Bogotá D.C.,SAN LUIS CHAPINERO
Bogotá D.C.,SAN LUIS DE GALERIAS 201
Bogotá D.C.,SAN LUIS GALERIAS
Bogotá D.C.,SAN MARCOS
Bogotá D.C.,SAN MARTIN
Bogotá D.C.,SAN MARTIN CENTRO
Bogotá D.C.,SAN MARTIN CENTRO INTERNACIONAL
Bogotá D.C.,SAN MIGUEL
Bogotá D.C.,SAN MIGUEL MODELO NORTE
Bogotá D.C.,SAN NICOLAS
Bogotá D.C.,SAN PABLO JERICO
Bogotá D.C.,SAN PATRICIO
Bogotá D.C.,SAN PATRICIO SANTA BARBARA
Bogotá D.C.,SAN SEBASTIAN
Bogotá D.C.,SAN SIMON
Bogotá D.C.,SAN SIMON GUAYMARAL
Bogotá D.C.,SAN VICTORINO
Bogotá D.C.,SANTA ANA
Bogotá D.C.,SANTA ANA CENTRAL
Bogotá D.C.,SANTA ANA OCCIDENTAL
Bogotá D.C.,SANTA ANA ORIENTAL
Bogotá D.C.,SANTA BARBARA
Bogotá D.C.,SANTA BARBARA ALTA
Bogotá D.C.,SANTA BARBARA CENTRAL
Bogotá D.C.,SANTA BARBARA II
Bogotá D.C.,SANTA BARBARA MULTICENTRO
Bogotá D.C.,SANTA BARBARA NORORIENTAL
Bogotá D.C.,SANTA BARBARA OCCIDENTAL
Bogotá D.C.,SANTA BARBARA ORIENTAL
Bogotá D.C.,SANTA BARBARA UNICENTRO
Bogotá D.C.,SANTA BARBARA USAQUEN
Bogotá D.C.,SANTA BEATRIZ
Bogotá D.C.,SANTA BIBIANA
Bogotá D.C.,SANTA CECILIA
Bogotá D.C.,SANTA CECILIA MODELIA
Bogotá D.C.,SANTA FE
Bogotá D.C.,SANTA FE CENTRO
Bogotá D.C.,SANTA FE MARTIRES
Bogotá D.C.,SANTA HELENA
Bogotá D.C.,SANTA HELENITA
Bogotá D.C.,SANTA INES
Bogotá D.C.,SANTA ISABEL
Bogotá D.C.,SANTA ISABEL CENTRO
Bogotá D.C.,SANTA ISABEL OCCIDENTAL
Bogotá D.C.,SANTA LUCIA
Bogotá D.C.,SANTA MARGARITA
Bogotá D.C.,SANTA MARIA DEL LAGO
Bogotá D.C.,SANTA MARIA RESERVA URBANA ROSALES
Bogotá D.C.,SANTA MATILDE
Bogotá D.C.,SANTA MONICA
Bogotá D.C.,SANTA PAULA
Bogotá D.C.,SANTA PAULA MOLINOS NORTE
Bogotá D.C.,SANTA ROSA
Bogotá D.C.,SANTA ROSITA
Bogotá D.C.,SANTA ROSITA FLORENCIA
Bogotá D.C.,SANTA SOFIA
Bogotá D.C.,SANTA TERESA
Bogotá D.C.,SANTA TERESA NORTE
Bogotá D.C.,SANTA TERESITA
Bogotá D.C.,SANTA TERESITA TEUSAQUILLO
Bogotá D.C.,SANTAFE BOGOTA
Bogotá D.C.,SANTANDER
Bogotá D.C.,SANTANDER SUR
Bogotá D.C.,SAUCES
Bogotá D.C.,SAUZALITO
Bogotá D.C.,SELECCIONAR BARRIO
Bogotá D.C.,SEMINARIO
Bogotá D.C.,SERCA A CENTRO COMERCIAL PLAZA AMERICAS Y STADIO DE TECHO
Bogotá D.C.,SERENA
Bogotá D.C.,SERRAMONTE
Bogotá D.C.,SEVILLANA
Bogotá D.C.,SIBERIA
Bogotá D.C.,SIERRAS DEL MORAL
Bogotá D.C.,SIERRAS DEL MORAL USAQUEN
Bogotá D.C.,SIETE DE AGOSTO
Bogotá D.C.,SIMON BOLIVAR
Bogotá D.C.,SIN BARRIO
Bogotá D.C.,SOACHA
Bogotá D.C.,SOLEDAD
Bogotá D.C.,SOLEDAD NORTE
Bogotá D.C.,SOLEDAD TEUSAQUILLO
Bogotá D.C.,SOPO LACALERA
Bogotá D.C.,SOTILEZA
Bogotá D.C.,SPRING
Bogotá D.C.,SPRING COLINA
Bogotá D.C.,SUBA
Bogotá D.C.,SUBA CENTRO
Bogotá D.C.,SUBA CERROS
Bogotá D.C.,SUBA COMPARTIR
Bogotá D.C.,SUBA NARANJOS
Bogotá D.C.,SUBA PINAR DE SUBA
Bogotá D.C.,SUBA URBANO
Bogotá D.C.,SUBA VILLA ELISA
Bogotá D.C.,SUCRE
Bogotá D.C.,TABORA
Bogotá D.C.,TEBAIDA
Bogotá D.C.,TECHO
Bogotá D.C.,TEUSAQUILLO
Bogotá D.C.,TEUSAQUILLO GALERIAS
Bogotá D.C.,TIBABITA
Bogotá D.C.,TIERRA BUENA
Bogotá D.C.,TIERRA FIRME
Bogotá D.C.,TIERRA LINDA
Bogotá D.C.,TIMIZA
Bogotá D.C.,TINTAL
Bogotá D.C.,TINTALA
Bogotá D.C.,TITAN PLAZA
Bogotá D.C.,TOBERIN
Bogotá D.C.,TOBERIN II
Bogotá D.C.,TOBERIN ORQUIDEAS
Bogotá D.C.,TORCA
Bogotá D.C.,TORCA I
Bogotá D.C.,TORRELADERA CASA BLANCA
Bogotá D.C.,TORREMOLINOS
Bogotá D.C.,TORRES UNIDAS
Bogotá D.C.,TRINIDAD GALAN
Bogotá D.C.,TUNA ALTA
Bogotá D.C.,TUNA BAJA
Bogotá D.C.,TUNJUELITO
Bogotá D.C.,TUNJUELITO SAN CARLOS
Bogotá D.C.,UNICENTRO
Bogotá D.C.,UNILAGO
Bogotá D.C.,URB HACIENDA CORDOBA NIZA
Bogotá D.C.,URBANIZACION UNIR UNO (PREDIO
Bogotá D.C.,URIBE
Bogotá D.C.,USAQUEN
Bogotá D.C.,USAQUEN CERROS
Bogotá D.C.,USAQUEN RESERVA DE LA SIERRA
Bogotá D.C.,USATAMA
Bogotá D.C.,USME
Bogotá D.C.,VALLADOLID
Bogotá D.C.,VALVERDE
Bogotá D.C.,VEINTE DE JULIO
Bogotá D.C.,VENECIA
Bogotá D.C.,VERACRUZ
Bogotá D.C.,VERACRUZ SANTA FE
Bogotá D.C.,VERAGUAS
Bogotá D.C.,VERAGUAS CENTRAL
Bogotá D.C.,VERAMONTE COLINA CAMPESTRE
Bogotá D.C.,VERBENAL
Bogotá D.C.,VERBENAL LIJACA
Bogotá D.C.,VEREDA SUBA CERROS II
Bogotá D.C.,VERGEL
Bogotá D.C.,VERSALLES FONTIBON
Bogotá D.C.,VERVENAL
Bogotá D.C.,VIA CLUB ARRAYANES
Bogotá D.C.,VICTORIA NORTE
Bogotá D.C.,VILLA ALSACIA
Bogotá D.C.,VILLA ALSACIA BAVARIA
Bogotá D.C.,VILLA ALSACIA CASTILLA
Bogotá D.C.,VILLA ALSACIA LA NUEVA
Bogotá D.C.,VILLA DEL PRADO
Bogotá D.C.,VILLA DEL RIO
Bogotá D.C.,VILLA ELISA
Bogotá D.C.,VILLA GLADYS
Bogotá D.C.,VILLA LUZ
Bogotá D.C.,VILLA MAGADELENA
Bogotá D.C.,VILLA MAGDALA
Bogotá D.C.,VILLA MARIA
Bogotá D.C.,VILLAS
Bogotá D.C.,VILLAS DE ARANJUEZ
Bogotá D.C.,VILLAS DE GRANADA
Bogotá D.C.,VILLAS DEL MEDITERRANEO
Bogotá D.C.,VILLAS DEL RIO
Bogotá D.C.,VILLEMAR
Bogotá D.C.,VIRREY
Bogotá D.C.,VIRREY ANTIGUO
Bogotá D.C.,VIRREY NORTE
Bogotá D.C.,VIRREY ULTIMA ETAPA
Bogotá D.C.,WORLD TRADE CENTER
Bogotá D.C.,ZARZAMORA
Bogotá D.C.,ZONA FRANCA
Bogotá D.C.,ZONA FRANCA BOGOTA
Bogotá D.C.,ZONA FRANCA FONTIBON
Bogotá D.C.,ZONA G
Bogotá D.C.,ZONA INDUSTRIAL
Bogotá D.C.,ZONA INDUSTRIAL AMERICAS
Bogotá D.C.,ZONA INDUSTRIAL BARRIO CUNDINAMARCA
Bogotá D.C.,ZONA INDUSTRIAL DE ALAMOS
Bogotá D.C.,ZONA INDUSTRIAL LOS EJIDOS
Bogotá D.C.,ZONA INDUSTRIAL MONTEVIDEO
Bogotá D.C.,ZONA INDUSTRIAL PUENTE ARANDA
Bogotá D.C.,ZONA INDUSTRIAL SAN PEDRO FONTIBON
Bogotá D.C.,ZONA T
Bucaramanga,ALARCON
Bucaramanga,ALFONSO LOPEZ
Bucaramanga,ALTOS DE CABECERA
Bucaramanga,ALTOS DE PAN DE AZUCAR
Bucaramanga,ALVAREZ
Bucaramanga,ANGELINO
Bucaramanga,ANILLO VIAL
Bucaramanga,ANTIGUO CAMPESTRE
Bucaramanga,ANTONIA SANTOS
Bucaramanga,ANTONIA SANTOS CENTRO
Bucaramanga,ANTONIA SANTOS SUR
Bucaramanga,ASTURIAS II
Bucaramanga,AURORA
Bucaramanga,BOLARQUI
Bucaramanga,BOLIVAR
Bucaramanga,BUCARAMANGA
Bucaramanga,CABECERA
Bucaramanga,CABECERA DEL LLANO
Bucaramanga,CABECERA IV ETAPA
Bucaramanga,CACIQUE
Bucaramanga,CAMPO HERMOSO
Bucaramanga,CAMPOHERMOSO
Bucaramanga,CANDILES
Bucaramanga,CEDROS
Bucaramanga,CEIBA
Bucaramanga,CENTRO
Bucaramanga,CHAPINERO
Bucaramanga,CHIMITA
Bucaramanga,CHIMITA ZONA INDUSTRIAL
Bucaramanga,CIUDAD BOLIVAR
Bucaramanga,CIUDADELA REAL DE MINAS
Bucaramanga,COAVICONSA
Bucaramanga,COMUNEROS
Bucaramanga,CONCORDIA
Bucaramanga,CONUCOS
Bucaramanga,DIAMANTE II
Bucaramanga,ESTORAQUES
Bucaramanga,FLORESTA
Bucaramanga,FLORIDABLANCA
Bucaramanga,FONTANA
Bucaramanga,GAITAN
Bucaramanga,GARCIA ROVIRA
Bucaramanga,GIRARDOT
Bucaramanga,GIRON
Bucaramanga,GRANADA
Bucaramanga,GRANJAS DE PROVENZA
Bucaramanga,GUARIN
Bucaramanga,HACIENDA
Bucaramanga,KENNEDY
Bucaramanga,LAGOS DEL CACIQUE
Bucaramanga,MARIANELLA CAMPESTRE
Bucaramanga,MEJORAS PUBLICAS
Bucaramanga,MERCEDES
Bucaramanga,MIRADOR DEL CACIQUE
Bucaramanga,MODELO
Bucaramanga,MONTERREDONDO
Bucaramanga,MUTIS
Bucaramanga,MUTUALIDAD
Bucaramanga,NORTE BAJO
Bucaramanga,NUEVO SOTOMAYOR
Bucaramanga,OLAS
Bucaramanga,PAN DE AZUCAR
Bucaramanga,PARQUE INDUSTRIAL
Bucaramanga,PIEDECUESTA
Bucaramanga,PINOS
Bucaramanga,PORVENIR
Bucaramanga,PRADO
Bucaramanga,PROVENZA
Bucaramanga,PUERTA DEL SOL
Bucaramanga,QUEBRADA LA IGLESIA
Bucaramanga,QUINTA DANIA
Bucaramanga,REAL DE MINAS
Bucaramanga,REGADERO
Bucaramanga,RICAURTE
Bucaramanga,ROCIO
Bucaramanga,RUITOQUE BAJO
Bucaramanga,SALLE
Bucaramanga,SAN ALONSO
Bucaramanga,SAN FRANCISCO
Bucaramanga,SANTA BARBARA
Bucaramanga,SOTOMAYOR
Bucaramanga,TEJAR
Bucaramanga,TERRAZAS
Bucaramanga,TORCOROMA
Bucaramanga,UNIVERSIDAD
Bucaramanga,VICTORIA
Bucaramanga,ZAPAMANGA 4 ETAPA
Bucaramanga,ZONA INDUSTRIAL CHIMITA
Caldas,ANTIOQUIA
Caldas,ARAGUA DE PRIMAVERA
Caldas,BARRIO OLAYA HERRERA
Caldas,CALDAS
Caldas,CALDAS VARIANTE
Caldas,CENTRO
Caldas,CHUSCALA
Caldas,CRISTO REY
Caldas,DOCENA
Caldas,ESTRELLA
Caldas,HOSPITAL
Caldas,KILOMETRO 1
Caldas,MIEL
Caldas,PARQUE
Caldas,PREDIO RURAL
Caldas,PRIMAVERA
Caldas,PRIMAVERA CALDAS
Caldas,SELECCIONAR BARRIO
Caldas,TABLAZA
Caldas,TOLVA
Caldas,VARIANTE CALDAS
Caldas,VARIANTE CALDAS EDS EL LLANO
Caldas,VEREDA LA MIEL
Caldas,VEREDA LA PRIMAVERA
Caldas,VEREDA SALINAS
Caldas,VIA PIEDRA VERDE
Caldas,ZONA CENTRO
Caldas,ZONA CENTRO CALDAS
Cali,3 DE JULIO
Cali,ACACIAS
Cali,ACOPI
Cali,ACOPI YUMBO ARROYOHONDO
Cali,AGUABLANCA
Cali,AGUACATAL
Cali,ALAMEDA
Cali,ALAMEDA PANCE
Cali,ALAMOS
Cali,ALBORADA
Cali,ALCAZARES
Cali,ALFEREZ REAL
Cali,ALFONSO LOPEZ
Cali,ALFONSO LOPEZ I ETAPA
Cali,ALFONSO LOPEZ II ETAPA
Cali,ALFONSO LOPEZ III ETAPA
Cali,ALIANZA
Cali,ALIRIO MORA BELTRAN
Cali,ALMENDROS
Cali,ALTO DE MIRAFLORES
Cali,ALTO MELENDEZ
Cali,ALTO NAPOLES
Cali,ALTOS DE CIUDAD JARDIN
Cali,ALTOS DE CRISTALES
Cali,ALTOS DE GUADALUPE
Cali,ALTOS DE MENGA
Cali,ALTOS DE MIRAFLORES
Cali,ALTOS DE SANTA ISABEL LA MORELIA
Cali,ALTOS DEL AGUACATAL
Cali,AMERICAS
Cali,ANDES
Cali,ANDES B
Cali,ANTONIO NARINO
Cali,ARANJUEZ
Cali,ARBOLEDAS
Cali,ARROYOHONDO
Cali,ASTURIAS
Cali,ATANASIO GIRARDOT
Cali,AVENIDA ROOSEVELT
Cali,BARRIO EUCARISTICO
Cali,BARRIO OBRERO
Cali,BASE
Cali,BASE AEREA
Cali,BELALCAZAR
Cali,BELLA SUIZA
Cali,BELLA SUIZA ALTA
Cali,BELLAVISTA
Cali,BENJAMIN HERRERA
Cali,BOCHALEMA
Cali,BOLIVARIANO
Cali,BOSQUE
Cali,BOSQUES DEL LIMONAR
Cali,BOSQUE\COMUNA 2
Cali,BRETANA
Cali,BRISAS DE LOS ALAMOS
Cali,BUENO MADRID
Cali,BUENOS AIRES
Cali,BUITRERA
Cali,CACHIPAY
Cali,CALDAS
Cali,CALI
Cali,CALI ACOPI YUMBO
Cali,CALI EL PENON
Cali,CALI NORMANDIA
Cali,CALI VALLE DEL LILI
Cali,CALICANTO
Cali,CALIMA
Cali,CALIMIO DESEPAZ
Cali,CALIPSO
Cali,CALVARIO
Cali,CAMBULOS
Cali,CAMINO REAL
Cali,CAMINO REAL J BORRERO S
Cali,CAMPINA
Cali,CANASGORDAS
Cali,CANAVERALEJO
Cali,CANAVERALES
Cali,CANAVERALES IV
Cali,CANAVERALES LOS SAMANES
Cali,CANEY
Cali,CANEY ESPECIAL
Cali,CAPRI
Cali,CAPRI SUR CALI
Cali,CASCADA
Cali,CASONA
Cali,CASTILLO
Cali,CC LA ESTACION CALI
Cali,CEDRO
Cali,CENTENARIO
Cali,CENTRO
Cali,CENTRO COMERCIAL PALMETTO
Cali,CENTRO DE CALI
Cali,CERRO CRISTALES
Cali,CHAMPAGNAT
Cali,CHAPINERO
Cali,CHIMINANGOS
Cali,CHIPICHAPE
Cali,CHIPICHAPE LA CAMPINA
Cali,CIUDAD 2000
Cali,CIUDAD BOCHALEMA
Cali,CIUDAD CAMPESTRE
Cali,CIUDAD CAPRI
Cali,CIUDAD CORDOBA
Cali,CIUDAD JARDIN
Cali,CIUDAD JARDIN PARAISO
Cali,CIUDAD LOS ALAMOS
Cali,CIUDAD MELENDEZ
Cali,CIUDAD MODELO
Cali,CIUDAD PACIFICA
Cali,CIUDADELA COMFANDI
Cali,CIUDADELA PASOANCHO
Cali,CLUB CAMPESTRE
Cali,COLOMBIA / VALLE DEL CAUCA / CALI / ARBOLEDA
Cali,COLOMBIA/ VALLE DEL LILI / AVDA ROOSEVELT / SUR CALI
Cali,COLSEGUROS
Cali,COLSEGUROS ANDES
Cali,COMPARTIR
Cali,COMUNA 19
Cali,CONJUNTO RESIDENCIAL NUEVA TEQUENDAMA ETAPA 6
Cali,COSMOCENTRO
Cali,CRISTALES
Cali,CRISTALES II
Cali,CRISTOBAL COLON
Cali,CUARTO DE LEGUA
Cali,CUARTO DE LEGUA GUADALUPE
Cali,CUARTO DE LENGUA
Cali,DAPA
Cali,DELICIAS
Cali,DEPARTAMENTAL
Cali,DIAMANTE
Cali,DOCE DE OCTUBRE
Cali,DORADO
Cali,E LIDO
Cali,ED SANTA MONICA PLAZA
Cali,ED VERSALLES
Cali,ED VILLA MAGNA
Cali,EDIFICIO MIGUEL CALERO
Cali,EDUARDO SANTOS
Cali,ELVIRA
Cali,ENCANTO DEL VALLE
Cali,ENCANTO DEL VALLE VIA PUERTO TEJADA
Cali,ESMERALDA
Cali,ESTANCIA
Cali,EUCARISTICO
Cali,EVARISTO GARCIA
Cali,FARALLONES
Cali,FLORA
Cali,FLORA INDUSTRIAL
Cali,FLORA PRIMERA ETAPA
Cali,FLORALIA
Cali,FLORESTA
Cali,FRANCISCO ELADIO RAMIREZ
Cali,FUENTES DE CAMINO REAL
Cali,GALERIA PORVENIR
Cali,GRAN LIMONAR
Cali,GRAN LIMONAR III
Cali,GRANADA
Cali,GRANADA NORTE
Cali,GRANJAS
Cali,GUABAL
Cali,GUABINA
Cali,GUADALUPE
Cali,GUADUALES
Cali,GUAYACANES
Cali,GUAYAQUIL
Cali,HACIENDA
Cali,HACIENDA KACHIPAY
Cali,IGNACIO RENGIFO
Cali,IMBANACO
Cali,INDEPENDENCIA
Cali,INDUSTRIAL
Cali,INGENIO
Cali,INGENIO I
Cali,INGENIO II
Cali,INGENIO III
Cali,JAMUNDI
Cali,JAMUNDI TERRANOVA
Cali,JARDIN
Cali,JORGE ISAACS
Cali,JORGE ZAWADSKI
Cali,JOSE HOLGUIN GARCES
Cali,JUANAMBU
Cali,JUNIN
Cali,KACHIPAY
Cali,KILOMETRO 18
Cali,LIBERTADORES
Cali,LIDO
Cali,LIMONAR
Cali,LIMONAR UNIPLANTA
Cali,MANUELA BELTRAN
Cali,MANZANARES
Cali,MARACAIBO
Cali,MARIA PANCE
Cali,MAYAPAN
Cali,MAYAPAN LAS VEGAS
Cali,MELENDEZ
Cali,MENGA
Cali,MERCED
Cali,MERCED CENTRO
Cali,METROPOLITANO
Cali,METROPOLITANO DEL NORTE
Cali,MIRAFLORES
Cali,MORICHAL DE COMFANDI
Cali,MULTICENTRO
Cali,MUNICIPAL
Cali,NAPOLES
Cali,NARANJOS I
Cali,NORMANDIA
Cali,NORTE
Cali,NORTE CALI DAPA
Cali,NORTE MENGA
Cali,NORTE SAN VICENTE
Cali,NORTE SANTA MONICA
Cali,NORTE VERSALLES
Cali,NOVAFLORA
Cali,NUEVA BASE
Cali,NUEVA FLORESTA
Cali,NUEVA TEQUENDAMA
Cali,OBRERO
Cali,OESTE
Cali,OESTE AGUACATAL
Cali,OESTE EL PENON
Cali,OESTE JUANAMBU
Cali,OESTE LA ARBOLEDA
Cali,OESTE SANTA TERESITA
Cali,OLIMPICO
Cali,OTROS
Cali,PACARA
Cali,PALMASECA
Cali,PALMASECA ZONA FRANCA
Cali,PALMERAS DEL NORTE
Cali,PAMPA LINDA
Cali,PAMPALINDA
Cali,PANAMERICANO
Cali,PANCE
Cali,PANCE AV LA MARIA
Cali,PANCE LA VIGA
Cali,PANCE \ COMUNA 22
Cali,PARAISO DE COMFANDI
Cali,PARCELACION CHORRO DE LA PLATA
Cali,PARCELACIONES PANCE
Cali,PARQUE RESIDENCIAL VIVERO
Cali,PARQUE VIVERO
Cali,PASARELA
Cali,PASEO REAL
Cali,PASOANCHO
Cali,PATIOS DE LA FLORA
Cali,PENON
Cali,PENON OESTE
Cali,PILOTO
Cali,PLAYA
Cali,POBLADO CAMPESTRE
Cali,POBLADO I
Cali,POPULAR
Cali,PORTADA DE COMFANDI
Cali,PORTAL DE LA FLORA II
Cali,PORVENIR
Cali,PRADOS DEL LIMONAR
Cali,PRADOS DEL NORTE
Cali,PRIMAVERA
Cali,PRIMERO DE MAYO
Cali,PRIMITIVO CRESPO
Cali,QUINTAS DE DON SIMON
Cali,REFORMA
Cali,REFUGIO
Cali,REPUBLICA DE ISRAEL
Cali,RINCON DE LA FLORA
Cali,RIVERA I
Cali,RIVERA II
Cali,RIVERITA
Cali,ROBLES
Cali,SALOMIA
Cali,SAMAN
Cali,SAMANES DE GUADALUPE
Cali,SAN ANTONIO
Cali,SAN BOSCO
Cali,SAN CARLOS
Cali,SAN CAYETANO
Cali,SAN FERNANDO
Cali,SAN FERNANDO NUEVO
Cali,SAN FERNANDO VIEJO
Cali,SAN FRANCISCO
Cali,SAN JOAQUIN
Cali,SAN JUDAS
Cali,SAN JUDAS TADEO
Cali,SAN LUIS
Cali,SAN NICOLAS
Cali,SAN PASCUAL
Cali,SAN PEDRO
Cali,SAN PEDRO CLAVER
Cali,SAN VICENTE
Cali,SANTA ANA
Cali,SANTA ANITA
Cali,SANTA ELENA
Cali,SANTA FE
Cali,SANTA ISABEL
Cali,SANTA MONICA
Cali,SANTA MONICA ALTA
Cali,SANTA MONICA CENTRAL
Cali,SANTA MONICA CHIPICHAPE
Cali,SANTA MONICA NORTE
Cali,SANTA MONICA PLAZA
Cali,SANTA MONICA POPULAR
Cali,SANTA MONICA RESIDENCIAL
Cali,SANTA RITA
Cali,SANTA ROSA
Cali,SANTA ROSA CENTRO
Cali,SANTA ROSA DEL OESTE
Cali,SANTA ROSA DEL RIO / COMUNA 10
Cali,SANTA TERESA
Cali,SANTA TERESITA
Cali,SANTANDER
Cali,SANTO DOMINGO
Cali,SECTOR ALTOS DE NORMANDIA BATACLAN
Cali,SECTOR LA LUNA
Cali,SELVA
Cali,SEMINARIO
Cali,SENA
Cali,SIMON BOLIVAR
Cali,SIN BARRIO
Cali,SINDICAL
Cali,SUCRE
Cali,SULTANA
Cali,SUR
Cali,SUR EL INGENIO
Cali,SUR MIRAFLORES
Cali,SUR TEQUENDAMA
Cali,TEJARES
Cali,TEJARES CRISTALES
Cali,TEJARES DE SALOMIA
Cali,TEJARES DE SAN FERNANDO
Cali,TEJARES LOS CRISTALES
Cali,TEMPLETE
Cali,TEQUENDAMA
Cali,TERRON COLORADO
Cali,TIERRA LINDA
Cali,TORRE DE CALI
Cali,TORRES DE COMFANDI
Cali,TREBOL
Cali,TRES DE JULIO
Cali,TRONCAL
Cali,UBANIZACION RIO LILI
Cali,ULPIANO LLOREDA
Cali,UNICENTRO
Cali,UNICENTRO CALI
Cali,UNION
Cali,URBANIZACION BARRANQUILLA
Cali,URBANIZACION CIUDAD JARDIN
Cali,URBANIZACION COLSEGUROS
Cali,URBANIZACION LA BASE
Cali,URBANIZACION LA FLORA
Cali,URBANIZACION LA MERCED
Cali,URBANIZACION LA NUEVA BASE
Cali,URBANIZACION RIO LILI
Cali,URBANIZACION SAN JOAQUIN
Cali,URBANIZACION TEQUENDAMA
Cali,VALLADO
Cali,VALLE DE LILI
Cali,VALLE DEL LILI SUR
Cali,VALLE GRANDE
Cali,VEGAS
Cali,VEGAS DE COMFANDI
Cali,VEGAS DEL LILI
Cali,VERSALLES
Cali,VIA A ROZO
Cali,VIGA
Cali,VILLA COLOMBIA
Cali,VILLA DEL LAGO
Cali,VILLA DEL PRADO
Cali,VILLA DEL SUR
Cali,VILLA FATIMA
Cali,VILLACOLOMBIA
Cali,VILLAS DE VERACRUZ
Cali,VIPASA
Cali,VISTA HERMOSA
Cali,VIVERO
Cali,YUMBO
Cartagena de Indias,13 DE JUNIO
Cartagena de Indias,20 DE JULIO
Cartagena de Indias,AGUAS PRIETAS
Cartagena de Indias,AL LADO DEL CENTRO CONV LAS AMERICAS CIELO MAR
Cartagena de Indias,ALBORNOZ
Cartagena de Indias,ALCIBIA
Cartagena de Indias,ALPES
Cartagena de Indias,ALTO BOSQUE
Cartagena de Indias,ALTOS DEL CAMPESTRE
Cartagena de Indias,AMBERES
Cartagena de Indias,ANGELES
Cartagena de Indias,ARMENIA
Cartagena de Indias,ARROZ BARATO
Cartagena de Indias,AVENIDA PEDRO DE HEREDIA SCTOR CUATRO VIENTO
Cartagena de Indias,AVENIDA PEDRO HEREDIA
Cartagena de Indias,AVENIDA SAN MARTIN
Cartagena de Indias,BAHIA BOCAGRANDE
Cartagena de Indias,BAHIA DE CARTAGENA
Cartagena de Indias,BARRIO CHINO SECTOR PIE DE LA POPA
Cartagena de Indias,BARRIO TORICES
Cartagena de Indias,BAYUNCA
Cartagena de Indias,BELLAVISTA
Cartagena de Indias,BIFFI
Cartagena de Indias,BOCAGRANDE
Cartagena de Indias,BOCAGRANDE MALECOM
Cartagena de Indias,BOQUILLA
Cartagena de Indias,BOSQUE
Cartagena de Indias,BOSTON
Cartagena de Indias,BRUSELAS
Cartagena de Indias,BUENAVISTA
Cartagena de Indias,BULEVAR DE LA CASTELLANA
Cartagena de Indias,CABRERO
Cartagena de Indias,CAIRO
Cartagena de Indias,CAMINO DEL MEDIO
Cartagena de Indias,CAMPESTRE
Cartagena de Indias,CANAPOTE
Cartagena de Indias,CAROLINA
Cartagena de Indias,CARTAGENA
Cartagena de Indias,CARTAGENA EL LAGUITO
Cartagena de Indias,CARTAGENA LAGUNA CLUB
Cartagena de Indias,CARTAGENA VILLA MARIA
Cartagena de Indias,CASTELLANA
Cartagena de Indias,CASTILLO
Cartagena de Indias,CASTILLO GRANDE
Cartagena de Indias,CEBALLOS
Cartagena de Indias,CENTRO
Cartagena de Indias,CENTRO HISTORICO
Cartagena de Indias,CENTRO SAN DIEGO
Cartagena de Indias,CENTRO SECTOR LA MATUNA
Cartagena de Indias,CENTRO SECTOR MATUNA
Cartagena de Indias,CHAMBACU
Cartagena de Indias,CHILE
Cartagena de Indias,CHINO
Cartagena de Indias,CIELO MAR
Cartagena de Indias,CIUDAD AMURALLADA
Cartagena de Indias,CIUDAD JARDIN
Cartagena de Indias,COLOMBIA / BOLIVAR / CARTAGENA DE INDIAS
Cartagena de Indias,CONCEPCION
Cartagena de Indias,CONDOMINIO RESIDENCIAL CARTAGENA LAGUNA CLUB
Cartagena de Indias,CONJUNTO MONTE DE SION SECTOR VILLA LA CANDELARIA
Cartagena de Indias,CONJUNTO RESIDENCIAL TERRAZAS D CALICANTO
Cartagena de Indias,CONSOLATA
Cartagena de Indias,CONTADORA
Cartagena de Indias,CORALES
Cartagena de Indias,CORDIALIDAD
Cartagena de Indias,CORREGIMIENTO DE PASACABALLOS
Cartagena de Indias,COUNTRY
Cartagena de Indias,CRESPO
Cartagena de Indias,CRESPO CARACUCHA
Cartagena de Indias,CRISANTO LUQUE
Cartagena de Indias,CUATRO VIENTOS
Cartagena de Indias,DANIEL LEMAITRE
Cartagena de Indias,DELICIAS
Cartagena de Indias,DESCONOCIDO
Cartagena de Indias,EJECUTIVOS
Cartagena de Indias,EL LAGUITO
Cartagena de Indias,ESCALLON VILLA
Cartagena de Indias,ESPANA
Cartagena de Indias,ESPERANZA
Cartagena de Indias,ESPINAL
Cartagena de Indias,FLORESTA
Cartagena de Indias,GABIAS
Cartagena de Indias,GAVIOTAS
Cartagena de Indias,GETSEMANI
Cartagena de Indias,ISLAS MENORES
Cartagena de Indias,JARDIN IMPERIAL
Cartagena de Indias,JUAN XXIII
Cartagena de Indias,KARIBANA CARTAGENA
Cartagena de Indias,KM 4 VARIANTE MAMONAL
Cartagena de Indias,LAGUITO
Cartagena de Indias,LO AMADOR
Cartagena de Indias,MAMONAL
Cartagena de Indias,MAMONAL CENTRO EMPRESARIAL PARQUIAMERICA
Cartagena de Indias,MANGA
Cartagena de Indias,MANGA Y PIE DE LA POPA
Cartagena de Indias,MANZANILLO
Cartagena de Indias,MANZANILLO DEL MAR
Cartagena de Indias,MANZANILLO DEL MAR ZONA NORTE
Cartagena de Indias,MARBELLA
Cartagena de Indias,MARIA AUXILIADORA
Cartagena de Indias,MATUNA
Cartagena de Indias,MORROS
Cartagena de Indias,MORROS ULTRA
Cartagena de Indias,NORTE
Cartagena de Indias,NORTE CARTAGENA
Cartagena de Indias,OLAYA HERRERA
Cartagena de Indias,OLAYA VILLA OLIMPICA
Cartagena de Indias,PARAGUAY
Cartagena de Indias,PARQUE HEREDIA
Cartagena de Indias,PARQUES DE BOLIVAR
Cartagena de Indias,PARQUIAMERICA
Cartagena de Indias,PASEO BOLIVAR
Cartagena de Indias,PIE DE LA POPA
Cartagena de Indias,PIE DEL CERRO
Cartagena de Indias,PIEDRA BOLIVAR
Cartagena de Indias,PLAZUELA
Cartagena de Indias,PONTEZUELA
Cartagena de Indias,PRADO
Cartagena de Indias,PRINCESA
Cartagena de Indias,PROVIDENCIA
Cartagena de Indias,PUERTA DE LAS AMERICAS
Cartagena de Indias,PUNTA CANOA
Cartagena de Indias,RAMBLAS
Cartagena de Indias,RECREO
Cartagena de Indias,RODEO
Cartagena de Indias,RUBI
Cartagena de Indias,SAN ANDRESITO
Cartagena de Indias,SAN DIEGO
Cartagena de Indias,SAN FERNANDO
Cartagena de Indias,SAN ISIDRO
Cartagena de Indias,SAN JOSE DE LOS CAMPANOS
Cartagena de Indias,SAN PEDRO
Cartagena de Indias,SANTA LUCIA
Cartagena de Indias,SANTA MONICA
Cartagena de Indias,SERENA DEL MAR
Cartagena de Indias,SERENA DEL MAR CONJUNTO PALADIO
Cartagena de Indias,SERENA DEL MAR ZONA NORTE
Cartagena de Indias,SIRIACA
Cartagena de Indias,SOCORRO
Cartagena de Indias,TACARIGUA
Cartagena de Indias,TERNERA
Cartagena de Indias,TESCA NUEVO
Cartagena de Indias,TORICES
Cartagena de Indias,TORIL
Cartagena de Indias,TORILES
Cartagena de Indias,TRONCAL
Cartagena de Indias,TURBACO
Cartagena de Indias,TURBACO BOLIVAR
Cartagena de Indias,TURBACO SETOR EL VALLE
Cartagena de Indias,VARIANTE MAMONAL
Cartagena de Indias,VARIANTE MAMONAL GAMBOTE
Cartagena de Indias,VIA LA CORDIALIDAD
Cartagena de Indias,VILLA ESTRELLA
Cartagena de Indias,VILLA ROSITA
Cartagena de Indias,VILLA SANDRA
Cartagena de Indias,VILLAGRANDE
Cartagena de Indias,VILLAGRANDE DE LA INDIA ETAPA I
Cartagena de Indias,VILLAS DE LA CANDELARIA
Cartagena de Indias,ZARAGOCILLA
Cartagena de Indias,ZONA INDUSTRIAL
Cartagena de Indias,ZONA INDUSTRIAL BAYUNCA
Cartagena de Indias,ZONA INDUSTRIAL MAMONAL
Cartagena de Indias,ZONA NORTE
Cartagena de Indias,ZONA NORTE SERENA DEL MAR
Cartagena de Indias,ZONA TURISTICA BOCAGRANDE
Cúcuta,ACACIOS
Cúcuta,AEROPUERTO
Cúcuta,ANILLO VIAL OCCIDENTAL
Cúcuta,ANILLO VIAL ORIENTAL
Cúcuta,ANILLO VILLA DEL ROSARII
Cúcuta,ANIVERSARIO II
Cúcuta,ATALAYA
Cúcuta,AV DEL RIO VEGAS DEL RIO
Cúcuta,AV LIBERTADORES
Cúcuta,AV LIBERTADORES LA PRIMAVERA
Cúcuta,AV LIBERTADORES PARQUE REAL
Cúcuta,AV LIBERTADORES PARQUES RESIDENCIALES A
Cúcuta,AV LIBERTADORES PLAYA HERMOSA
Cúcuta,B CAOBOS
Cúcuta,BARRIO BLANCO
Cúcuta,BELLAVISTA
Cúcuta,BLANCO
Cúcuta,BOCONO
Cúcuta,BOSQUE
Cúcuta,BRISAS PLAZA
Cúcuta,CABRERA
Cúcuta,CALLEJON
Cúcuta,CAOBOS
Cúcuta,CAPILLANA
Cúcuta,CARORA
Cúcuta,CEIBA
Cúcuta,CEIBA II
Cúcuta,CENABASTOS
Cúcuta,CENTRO
Cúcuta,CIUDAD JARDIN
Cúcuta,COLPET
Cúcuta,COLSAG
Cúcuta,CONTENTO
Cúcuta,CUCUTA
Cúcuta,CUNDINAMARCA
Cúcuta,DIAGONAL SANTANDER
Cúcuta,FAROLES
Cúcuta,FLORESTA
Cúcuta,GARCIA HERREROS
Cúcuta,GUAIMARAL
Cúcuta,INSULA
Cúcuta,LATINO
Cúcuta,LLANO
Cúcuta,LLERAS RESTREPO
Cúcuta,NIZA
Cúcuta,NUEVO ESCOBAL
Cúcuta,PANAMERICANO
Cúcuta,PARQUE REAL
Cúcuta,PARQUE SANTANDER
Cúcuta,PATIOS
Cúcuta,PATIOS LA FLORESTA
Cúcuta,PATIOS PATIO CENTRO
Cúcuta,PATIOS VIDELSO
Cúcuta,PESCADERO
Cúcuta,PINAR DEL RIO
Cúcuta,PINOS
Cúcuta,PLAYA
Cúcuta,POPULAR
Cúcuta,PORTACHUELO
Cúcuta,PRADOS DEL ESTE
Cúcuta,PRADOS DEL NORTE
Cúcuta,PUEBLO NUEVO
Cúcuta,QUINTA BOSCH
Cúcuta,QUINTA ORIENTAL
Cúcuta,QUINTA VELEZ
Cúcuta,RIVIERA
Cúcuta,ROSAL
Cúcuta,SALADO
Cúcuta,SAN EDUARDO
Cúcuta,SAN LUIS
Cúcuta,SAN MATEO
Cúcuta,SAN MIGUEL
Cúcuta,SANTA LUCIA
Cúcuta,SAYAGO
Cúcuta,SEVILLA
Cúcuta,TASAJERO
Cúcuta,TERMINAL
Cúcuta,TRIGAL DEL NORTE
Cúcuta,VALLES DE JERUSALEN
Cúcuta,VIA AL TENNIS
Cúcuta,VIEJO ESCOBAL
Cúcuta,VILLA CAMILA
Cúcuta,VILLA DEL ROSARIO
Cúcuta,VILLA DEL ROSARIO ANILLO VIAL ORIENTAL
Cúcuta,ZONA INDUSTRIAL
Ibagué,ACQUA
Ibagué,AEROPUERTO
Ibagué,APARCO
Ibagué,ARBOLEDA
Ibagué,ARBOLEDA ALGARROBO
Ibagué,ARBOLEDA CAMPESTRE CEIBA
Ibagué,ARBOLEDA DEL CAMPESTRE JAGUA
Ibagué,ARKAMONICA
Ibagué,AV AMBALA
Ibagué,AVDA GUABINAL
Ibagué,AVDA PEDRO TAFUR CERCA MAKRO
Ibagué,BELALCAZAR
Ibagué,BELEN
Ibagué,BOQUERON
Ibagué,C R ARBOLEDA CAMPESTRE MANDARINO
Ibagué,C R ARBOLEDA DEL CAMPESTRE TOTUMO
Ibagué,C R FORESTA CALAMBEO PISO 10
Ibagué,C R VALLE LINDO
Ibagué,C R VILLA SALOME PISO
Ibagué,CADIZ
Ibagué,CALAMBEO
Ibagué,CALATAYU
Ibagué,CARMEN
Ibagué,CARRERA 4I #33 37 CADIZ
Ibagué,CEIBA
Ibagué,CEIBA SALADO
Ibagué,CENTRO
Ibagué,CENTRO COMERCIAL LA ESTACION
Ibagué,CENTRO COMERCIAL LA QUINTA
Ibagué,CENTRO COMERCIAL SAN MIGUEL
Ibagué,CENTRO DE IBAGUE
Ibagué,CENTRO DE NEGOCIOS AVENIDA 60
Ibagué,CENTRO EMPRESARIAL WORDL TRADE CENTER
Ibagué,CONJUNTO ALBA SANTA CRUZ
Ibagué,CONJUNTO CERRADO SAMARIA
Ibagué,CONJUNTO CYMA I
Ibagué,CONJUNTO FORTEZZA III
Ibagué,CONJUNTO MALLORCA PISO 9
Ibagué,CONJUNTO RESIDENCIAL ATICA
Ibagué,CONJUNTO RESIDENCIAL CARMIN
Ibagué,CONJUNTO RESIDENCIAL ECO SANTA CRUZ
Ibagué,CONJUNTO RESIDENCIAL EL NOGAL
Ibagué,CONJUNTO RESIDENCIAL FORTEZZA IV PISO 14
Ibagué,CONJUNTO RESIDENCIAL IWOKA
Ibagué,CONJUNTO RESIDENCIAL KUNDAE
Ibagué,CONJUNTO RESIDENCIAL PORTOBELLO
Ibagué,CONJUNTO RESIDENCIAL SANTA MONICA
Ibagué,CONJUNTO RESIDENCIAL TERRA
Ibagué,CONJUNTO TEMPUS 49
Ibagué,CONJUNTO TERRA SANTA CRUZ
Ibagué,CONJUNTO VENTURA
Ibagué,CONJUNTO VILLA ARKADIA
Ibagué,CYMA 2
Ibagué,EDIFICIO ANGELES DEL VERGE
Ibagué,EDIFICIO BELVEDERE
Ibagué,EDIFICIO FONTAINEBLEAU
Ibagué,EDIFICIO HABITAT INFINITY
Ibagué,EDIFICIO INFINITY
Ibagué,EDIFICIO LA OBRA
Ibagué,EDIFICIO LUISA FERNANDA 2000
Ibagué,EDIFICIO MAYALAND RINCON DE PIEDRA PINTADA
Ibagué,FLOR ALBA CAMPESTRE
Ibagué,FLORIDA
Ibagué,FUENTE DE LOS ROSALES I
Ibagué,HABITAT INFINITY
Ibagué,HACIENA SANTA CRUZ LA SAMARIA
Ibagué,HACIENDA PIEDRA PINTADA
Ibagué,HACIENDA SANTA CRUZ
Ibagué,HIPODROMO
Ibagué,IBAGUE
Ibagué,IBAQUE
Ibagué,INTERLAKEN
Ibagué,JORDAN III ETAPA
Ibagué,JORDAN VI
Ibagué,LOCAL 2 EDIFICIO BIOMEDICA
Ibagué,LOCAL 21 CON 3
Ibagué,MACADAMIA
Ibagué,MACARENA
Ibagué,MILLA DE ORO
Ibagué,MIROLINDO
Ibagué,PACANDE PISO 2
Ibagué,PALMA DEL VERGEL
Ibagué,PARRALES
Ibagué,PICALENA
Ibagué,PICALENITA
Ibagué,PIEDRA PINTADA
Ibagué,PIEDRA PINTADA ALTA
Ibagué,POBLADO
Ibagué,POLA
Ibagué,PRADERAS DE SANTA RITA
Ibagué,PRADO ALTO
Ibagué,PRADO II PLAZA EL JARDIN
Ibagué,PROYECTO HABITACIONAL COOPDIASAM
Ibagué,RESERVAS DEL JARDIN
Ibagué,RICAURTE
Ibagué,RINCON DE PIEDRA PINTADA
Ibagué,SALADO
Ibagué,SAMARIA
Ibagué,SAN FRANCISCO APARCO
Ibagué,SAN SIMON
Ibagué,SAN SIMON PARTE ALTA
Ibagué,SANTA HELENA
Ibagué,SANTA RITA
Ibagué,SANTA RITA CIMARA
Ibagué,SECTOR CAMPESTRE
Ibagué,TEREKAY II PISO 1
Ibagué,TOPACIO
Ibagué,TORREON QUINTA AVENIDA
Ibagué,URB TERRAZAS DEL TEJAR
Ibagué,URB VARSOVIA
Ibagué,VERGEL
Itagui,1000KVA ITAGUI
Itagui,ACACIAS
Itagui,ALDEA
Itagui,ALICATE
Itagui,AMANTINA
Itagui,ARRAYANES
Itagui,ARTEX
Itagui,ASTURIAS
Itagui,AUTOPISTA SUR
Itagui,AVENIDA PILSEN
Itagui,AYURA
Itagui,CALATRAVA
Itagui,CAPICENTRO
Itagui,CAPRICENTRO
Itagui,CARMELO
Itagui,CENTRAL MAYORISTA
Itagui,CENTRO
Itagui,CENTRO DE LA MODA
Itagui,CENTRO ITAGUI
Itagui,CHIMENEAS
Itagui,CIUDAD COLTEJER
Itagui,CIUDADELA DEL PARQUE
Itagui,CLINICA ANTIOQUIA
Itagui,COLINAS DEL SUR
Itagui,COLTEJER
Itagui,CRUZ
Itagui,DITAIRES
Itagui,ENTRE COLINA
Itagui,ESMERALDA
Itagui,FABRICAS UNIDAS
Itagui,FATIMA
Itagui,GERMANIA
Itagui,GLORIA
Itagui,GLORIETA PILSEN
Itagui,GOMEZ
Itagui,GRAN MANZANA
Itagui,GUAYABAL
Itagui,GUAYABALIA
Itagui,GUAYABO
Itagui,INDEPENDENCIA
Itagui,ITAGUI CENTRO
Itagui,LOMA LINDA
Itagui,MARGARITAS
Itagui,MAYORCA
Itagui,MAYORISTA
Itagui,MAYORITARIA
Itagui,NARANJOS
Itagui,OBRERO
Itagui,PARQUE
Itagui,PARQUE DEL ARTISTA
Itagui,PARQUE DEL FAMILIA
Itagui,PARQUE EL BRASIL
Itagui,PARQUE OBRERO
Itagui,PILSEN
Itagui,PLAYA RICA
Itagui,PORTAL DE DITAIRES
Itagui,PORVENIR
Itagui,RAYA GUAYABAL
Itagui,ROSARIO
Itagui,SAMARIA
Itagui,SAN AGUSTIN
Itagui,SAN ANTONIO DE PRADO
Itagui,SAN FERNANDO
Itagui,SAN FRANCISCO
Itagui,SAN GABRIEL
Itagui,SAN ISIDRO
Itagui,SAN JAVIER
Itagui,SAN JOSE
Itagui,SAN PABLO
Itagui,SAN PIO
Itagui,SANTA ANA
Itagui,SANTA CATALINA
Itagui,SANTA CRUZ
Itagui,SANTA MARIA
Itagui,SANTA MARIA 1
Itagui,SANTA MARIA 2
Itagui,SANTA MARIA 3
Itagui,SANTA MARIA LA NUEVA
Itagui,SANTAMARIA
Itagui,SIMON BOLIVAR
Itagui,SUR
Itagui,SURAMERICA
Itagui,TABLAZO
Itagui,TERRANOVA
Itagui,TIERRA VERDE
Itagui,VALLE SUR
Itagui,VILLA AVENTURA
Itagui,VILLA PAULA
Itagui,VIVIENDAS DEL SUR
Itagui,YARUMITO
Itagui,ZONA INDUSTRIAL
Itagui,ZONA INDUSTRIAL 1
Itagui,ZONA INDUSTRIAL 3
La Estrella,ALDEA
La Estrella,ANCON
La Estrella,ANCON SAN MARTIN
La Estrella,ANCON SUR LA ESTRELLA
La Estrella,BAVARIA
La Estrella,BRISAS
La Estrella,CALDAS
La Estrella,CANCHA PUEBLO VIEJO
La Estrella,CASA JARDIN
La Estrella,CENTRO
La Estrella,CERCA DE URBANIZACION LA ALDEA
La Estrella,CONJUNTO NATAL
La Estrella,ENCANTO
La Estrella,ESTRELLA
La Estrella,ESTRELLA BELLAVISTA
La Estrella,ESTRELLA VIA A CALDAS
La Estrella,FERREIRA
La Estrella,FERRERIA
La Estrella,FLORIDA
La Estrella,GUAYABO
La Estrella,HORIZONTES
La Estrella,INMACULADA
La Estrella,INMACULADA 1
La Estrella,NIZZA APARTAMENTOS
La Estrella,NUEVA ALDEA
La Estrella,OSPINA
La Estrella,OTRO
La Estrella,PALMAR
La Estrella,PAN DE AZUCAR
La Estrella,PARQUE
La Estrella,PARQUE LOGISTICO 97B SUR
La Estrella,PEDRERO
La Estrella,POBLADO DEL SUR
La Estrella,PUEBLO VIEJO
La Estrella,QUINTA
La Estrella,QUINTAS
La Estrella,QUINTAS DE LA QUINTA
La Estrella,RAYA
La Estrella,SAN AGUSTIN
La Estrella,SAN ANDRES
La Estrella,SAN ISIDRO
La Estrella,SAN MIGUEL
La Estrella,SIERRA MORENA
La Estrella,SUIZA
La Estrella,SURAMERICA
La Estrella,SURAMERICA LA ESTRELLA
La Estrella,TABLACITA
La Estrella,TABLAZA
La Estrella,TOLEDO
La Estrella,TROJA
La Estrella,VARIANTE
La Estrella,VEREDA PUEBLO VIEJO
La Estrella,VEREDA SAN ISIDRO
La Estrella,VEREDA SAN MIGUEL
La Estrella,VIA VIEJA A CALDAS LA TABLAZA
La Estrella,VILLA MIRA
La Estrella,YARUMITO
La Estrella,ZONA CENTRO
La Estrella,ZONA INDUSTRIAL
Manizales,AGUSTINOS
Manizales,ALAMOS
Manizales,ALCAZARES
Manizales,ALTA SUIZA
Manizales,ALTO TABLAZO
Manizales,ARBOLEDA
Manizales,ARBOLEDA ALTA
Manizales,ARENILLO
Manizales,ARGENTINA
Manizales,ASUNCION
Manizales,AUTONOMA
Manizales,AV ALBERTO MENDOZA
Manizales,AV DEL RIO
Manizales,AV KEVIN ANGEL
Manizales,AV LINDSAY
Manizales,AV PARALELA
Manizales,AV SANTANDER
Manizales,AVENIDA ALBERTO MENDOZA
Manizales,AVENIDA DEL CENTRO
Manizales,AVENIDA PARALELA
Manizales,AVENIDA SANTANDER
Manizales,BAJA SUIZA
Manizales,BAJO TABLAZO
Manizales,BARRIO COLOMBIA
Manizales,BELEN
Manizales,BELLA SUIZA
Manizales,BOSQUE
Manizales,CABANA
Manizales,CABLE
Manizales,CAMBULOS
Manizales,CAMELIA
Manizales,CAMPIN
Manizales,CAMPO HERMOSO
Manizales,CAROLA
Manizales,CAROLA ALTA
Manizales,CASTILLA
Manizales,CC CABLE PLAZA
Manizales,CEDROS
Manizales,CENTENARIO
Manizales,CENTRO
Manizales,CERRO DE ORO
Manizales,CHIPRE
Manizales,COLINAS
Manizales,CRISTO REY
Manizales,CUMBRE
Manizales,EDI PASEO DEL BOSQUE
Manizales,ENEA
Manizales,ESTACION URIBE
Manizales,ESTAMBUL
Manizales,ESTRELLA
Manizales,EXPOFERIAS
Manizales,FANNY GONZALEZ
Manizales,FATIMA
Manizales,FLORIDA
Manizales,FRANCIA
Manizales,FUNDADORES
Manizales,GALERIA
Manizales,GALERIAS
Manizales,GUAMAL
Manizales,GUAYACANES
Manizales,KILOMETRO 48 VA MEDELLIN
Manizales,LAURELES
Manizales,LEONORA
Manizales,LIBORIO
Manizales,LINDA
Manizales,LLERAS
Manizales,LOS LAURELES
Manizales,MAIZAL
Manizales,MALTERIA
Manizales,MANIZALES
Manizales,MANUELA
Manizales,MILAN
Manizales,NOGALES
Manizales,OTRO
Manizales,PALERMO
Manizales,PALERMO BAJO
Manizales,PALERMO SANCANCIO
Manizales,PALMAR
Manizales,PALOGRANDE
Manizales,PANAMERICANA
Manizales,PAVAS
Manizales,PRIMAVERA
Manizales,PUERTA DEL SOL
Manizales,RAMBLA
Manizales,RINCON DEL TREBOL
Manizales,ROSALES
Manizales,ROSARIO
Manizales,SAENZ
Manizales,SAN ANTONIO
Manizales,SAN CAYETANO
Manizales,SAN JORGE
Manizales,SAN MARCEL
Manizales,SAN PEREGRINO
Manizales,SAN RAFAEL
Manizales,SAN SEBASTIAN
Manizales,SANCANCIO
Manizales,SANTA HELENA
Manizales,SECTOR DEL BATALLON
Manizales,SECTOR DEL CABLE
Manizales,SOL
Manizales,SULTANA
Manizales,TEJARES
Manizales,TOSCANA
Manizales,TREBOL
Manizales,VALLES DE LA ALHAMBRA
Manizales,VELEZ
Manizales,VEREDA EL AGUILA
Manizales,VEREDA EL ARENILLO
Manizales,VEREDA EL TABLAZO
Manizales,VEREDA LA CABANA
Manizales,VEREDA LA TRINIDAD
Manizales,VERSALLES
Manizales,VIA PANAMERICANA
Manizales,VILLA CARMENZA
Manizales,VILLA DEL RIO
Manizales,VILLA PILAR
Manizales,VILLAMARIA
Manizales,VISCAYA
Manizales,ZONA INDUSTRIAL JUANCHITO
Manizales,ZONA INDUSTRIAL MALTERIA
Medellín,ACACIAS
Medellín,ACASIAS
Medellín,AGUACATALA
Medellín,ALEJANDRIA
Medellín,ALEJANDRIA POBLADO
Medellín,ALFONSO LOPEZ
Medellín,ALMERIA
Medellín,ALPES
Medellín,ALTAMIRA
Medellín,ALTAVISTA
Medellín,ALTO DE LAS PALMAS
Medellín,ALTOS DE LA VISITACION
Medellín,ALTOS DEL POBLADO
Medellín,ALTOS DEL POBLADO COLA DEL ZORRO
Medellín,AMERICA
Medellín,ANTILLAS
Medellín,ARANJUEZ
Medellín,ASOMADERA
Medellín,ASTORGA
Medellín,AV GUAYABAL
Medellín,AV LAS PALMAS
Medellín,AVENIDA LAS VEGAS
Medellín,AVENIDA ORIENTAL
Medellín,BALSOS
Medellín,BALSOS 1
Medellín,BALSOS NO 2
Medellín,BALSOS POBLADO
Medellín,BARICHARA
Medellín,BARRIO ANTIOQUIA
Medellín,BARRIO COLOMBIA
Medellín,BARRIO CRISTOBAL
Medellín,BARRIO LAS PALMAS
Medellín,BELEN
Medellín,BELEN ALAMEDA
Medellín,BELEN DE LA MOTA
Medellín,BELEN EL RINCON
Medellín,BELEN FATIMA
Medellín,BELEN GRANADA
Medellín,BELEN LA GLORIA
Medellín,BELEN LA MOTA
Medellín,BELEN LA NUBIA
Medellín,BELEN LA PALMA
Medellín,BELEN LAS MERCEDES
Medellín,BELEN LAS PLAYAS
Medellín,BELEN LOMA DE LOS BERNAL
Medellín,BELEN LOS ALPES
Medellín,BELEN LOS MOLINOS
Medellín,BELEN MALIBU
Medellín,BELEN MIRAVALLE
Medellín,BELEN NOGAL
Medellín,BELEN PARQUE
Medellín,BELEN PRIMAVERA
Medellín,BELEN RINCON
Medellín,BELEN RODEO ALTO
Medellín,BELEN ROSALES
Medellín,BELEN SAN BERNARDO
Medellín,BERNAL
Medellín,BOLIVARIANA
Medellín,BOMBONA
Medellín,BOSTON
Medellín,BOSTON CENTRO
Medellín,BUENOS AIRES
Medellín,BULERIAS
Medellín,CALASANZ
Medellín,CALASANZ FERRINI
Medellín,CALASANZ PARTE ALTA
Medellín,CALASANZ PARTE BAJA
Medellín,CALAZANS
Medellín,CALERA
Medellín,CAMPESTRE
Medellín,CAMPESTRE LA FRONTERA
Medellín,CAMPESTRE POBLADO
Medellín,CAMPO AMOR
Medellín,CAMPO VALDES
Medellín,CANDELARIA
Medellín,CARIBE
Medellín,CARLOS E RESTREPO
Medellín,CASTELLANA
Medellín,CASTILLA
Medellín,CASTILLO
Medellín,CASTROPOL
Medellín,CASTROPOL POBLADO
Medellín,CC TESORO
Medellín,CENTRO DE LA CIUDAD
Medellín,CENTRO OCCIDENTE
Medellín,CHAGUALO
Medellín,CIUDAD COLTEJER
Medellín,CIUDAD DEL RIO
Medellín,COLA DEL ZORRO
Medellín,COLINA
Medellín,COLORES
Medellín,CONCHA
Medellín,CONQUISTADORES
Medellín,CORDOBA
Medellín,CRISTO REY
Medellín,DANUBIO
Medellín,DIAMANTE
Medellín,DIAMANTE NO 2
Medellín,ENCIERRO
Medellín,ENCISO
Medellín,ENVIGADO
Medellín,ENVIGADO LOMA DE LAS BRUJAS
Medellín,ESCOBERO
Medellín,ESTADIO
Medellín,ESTADIO FLORIDA NUEVA
Medellín,FATIMA
Medellín,FLORESTA
Medellín,FLORIDA
Medellín,FLORIDA EL POBLADO
Medellín,FLORIDA NUEVA
Medellín,FRANCISCO ANTONIO ZEA
Medellín,FRONTERA
Medellín,GONZALEZ
Medellín,GRUTA
Medellín,GUAYABAL
Medellín,GUAYABAL SECTOR AGUACATALA
Medellín,GUAYAQUIL
Medellín,IGUANA
Medellín,INDUSTRIALES
Medellín,INFERIOR
Medellín,ITAGUI ACACIAS
Medellín,JARDINES
Medellín,LALINDE
Medellín,LAURELES
Medellín,LAURELES ESTADIO
Medellín,LAURELES LA ALMERIA
Medellín,LAURELES LA CASTELLANA
Medellín,LAURELES MEDELLIN
Medellín,LAURELES NOGAL
Medellín,LINDE
Medellín,LLANO GRANDE
Medellín,LLERAS
Medellín,LOMA DE ALEJANDRIA
Medellín,LOMA DE LOS BALSOS
Medellín,LOMA DE LOS BERNAL
Medellín,LOMA DE LOS GONZALEZ
Medellín,LOMA DE LOS PARRA
Medellín,LOMA DE SAN JULIAN
Medellín,LOMA DEL CAMPESTRE
Medellín,LOMA DEL ENCIERRO
Medellín,LOMA DEL ESMERALDAL
Medellín,LOMA DEL INDIO
Medellín,LOMA DEL PADRE MARIANITO
Medellín,LOMA EL TESORO
Medellín,LOMA LOS BERNAL
Medellín,LOMA LOS GONZALEZ
Medellín,LOMA LOS PARRA
Medellín,LOMA SAN JULIAN
Medellín,LOMAS
Medellín,LOMAS 1
Medellín,LOMAS 2
Medellín,LORENA
Medellín,LOS LAURELES
Medellín,MANILA
Medellín,MANRIQUE
Medellín,METROPOLITANO
Medellín,MILAGROSA
Medellín,MILLA DE ORO
Medellín,MIRAVALLE
Medellín,MOTA
Medellín,NARANJAL
Medellín,NARANJOS
Medellín,NIQUITAO
Medellín,NOGAL
Medellín,NOGAL LOS ALMENDROS
Medellín,NORORIENTE MANRIQUE
Medellín,NUBIA
Medellín,NUTIBARA
Medellín,OCCIDENTE BELEN ALPES
Medellín,OCCIDENTE BELEN FATIMA
Medellín,OCCIDENTE BELEN LAS PLAYAS
Medellín,OCCIDENTE BELEN SAN BERNARDO
Medellín,OCCIDENTE CALASANZ
Medellín,OCCIDENTE EL VELODROMO
Medellín,OCCIDENTE FLORIDA NUEVA
Medellín,OCCIDENTE LAURELES
Medellín,OCCIDENTE SURAMERICANA
Medellín,OLAYA HERRERA
Medellín,OTRO
Medellín,OVIEDO
Medellín,PAJARITO
Medellín,PALMAS
Medellín,PARQUE LLERAS
Medellín,PARQUE POBLADO
Medellín,PARRA
Medellín,PATIO BONITO
Medellín,PERPETUO SOCORRO
Medellín,PILARICA
Medellín,PINOS
Medellín,PLAYAS
Medellín,POBLADO
Medellín,POBLADO ALTO
Medellín,POBLADO CASTROPOL
Medellín,POBLADO CIUDAD DEL RIO
Medellín,POBLADO DE SANTA MARIA DE LOS ANGELES
Medellín,POBLADO DETRAS DEL MALL INTERPLAZA
Medellín,POBLADO EL TESORO
Medellín,POBLADO LA FRONTERA
Medellín,POBLADO LAS LOMAS
Medellín,POBLADO LAS PALMAS
Medellín,POBLADO LAS VEGAS
Medellín,POBLADO LOMA DE ALEJANDRIA
Medellín,POBLADO LOMA DE LOS PARRA
Medellín,POBLADO LOMA DEL INDIO
Medellín,POBLADO LOS BALSOS
Medellín,POBLADO LOS GONZALES
Medellín,POBLADO MANILA
Medellín,POBLADO OVIEDO
Medellín,POBLADO SAN DIEGO
Medellín,POBLADO SAN JULIAN
Medellín,POBLADO SAN LUCAS
Medellín,POBLADO SANTA MARIA DE LOS ANGELES
Medellín,POBLADO SECTOR MONTERREY
Medellín,POBLADO VERDE
Medellín,POBLADO VILLA CARLOTA
Medellín,PRADO
Medellín,PRADO CENTRO
Medellín,PROGRESO
Medellín,PROVENZA
Medellín,PROVENZA EL POBLADO
Medellín,RETIRO
Medellín,ROBLEDO
Medellín,ROBLEDO LA AURORA
Medellín,ROBLEDO PAJARITO
Medellín,ROBLEDO PILARICA
Medellín,RODEO
Medellín,RODEO ALTO
Medellín,ROSALES
Medellín,SABANETA
Medellín,SALVADOR
Medellín,SAN ANTONIO
Medellín,SAN ANTONIO DE PRADO
Medellín,SAN BERNARDO
Medellín,SAN CRISTOBAL
Medellín,SAN DIEGO
Medellín,SAN GERMAN
Medellín,SAN JAVIER
Medellín,SAN JOAQUIN
Medellín,SAN JOAQUIN LAURELES
Medellín,SAN JULIAN
Medellín,SAN LUCAS
Medellín,SAN MARTIN
Medellín,SAN PABLO
Medellín,SANTA ELENA
Medellín,SANTA FE
Medellín,SANTA GEMA
Medellín,SANTA LUCIA
Medellín,SANTA MARIA DE LOS ANGELES
Medellín,SANTA MONICA
Medellín,SANTA ROSA DE LIMA
Medellín,SANTA TERESITA
Medellín,SANTO DOMINGO SAVIO 1 Y 2
Medellín,SIMON BOLIVAR
Medellín,SOCORRO
Medellín,SUR
Medellín,SUR ORIENTE
Medellín,SUR POBLADO EL CAMPESTRE
Medellín,SUR SAN DIEGO
Medellín,SURAMERICANA
Medellín,SUROCCIDENTE
Medellín,SURORIENTE
Medellín,TABLAZA
Medellín,TENCHE
Medellín,TESORO
Medellín,TOMATERA
Medellín,TOMATERA EL POBLADO
Medellín,TRANSV SUPERIOR
Medellín,TRANSVERSAL INFERIOR
Medellín,TRANSVERSAL SUPERIOR
Medellín,TRANSVERSAL SUPERIOR EL POBLADO
Medellín,TRICENTENARIO
Medellín,TRINIDAD
Medellín,UNICENTRO
Medellín,VEGAS DEL POBLADO
Medellín,VELODROMO
Medellín,VEREDA EL PLACER
Medellín,VIA LAS PALMAS
Medellín,VILLA CARLOTA
Medellín,VILLA HERMOSA
Medellín,VILLA NUEVA
Medellín,VISITACION
Medellín,VISITACION LOS GONZALEZ
Medellín,VIZCAYA
Medellín,ZONA 2
Medellín,ZONA CENTRO MEDELLIN
Medellín,ZONA INDUSTRIAL DE BELEN
Pereira,2500 LOTES
Pereira,30 DE AGOSTO
Pereira,AEROPUERTO
Pereira,ALAMOS
Pereira,ALAMOS PLAZA
Pereira,ALCALA DEL CAMPO
Pereira,ALCAZARES
Pereira,ALFONSO LOPEZ
Pereira,ALPES
Pereira,ALTAGRACIA
Pereira,ALTOS DE BELMONTE
Pereira,ALTOS DE CANAAN
Pereira,ALTOS DE LLANO GRANDE II
Pereira,ANDES
Pereira,ARABIA
Pereira,ARIZONA
Pereira,ASTURIAS
Pereira,AVENIDA 30 DE AGOSTO
Pereira,AV CIRCUNVALAR
Pereira,AV COLIBRIS
Pereira,AV DE LAS AMERICAS
Pereira,AV EL POLLO
Pereira,AV JUAN B GUTIERREZ NO 19 62
Pereira,AV SUR
Pereira,AVENIDA 30 AGOSTO SECTOR GINO PASSCALLI
Pereira,AVENIDA 30 DE AGOSTO DEL CAFE
Pereira,AVENIDA CIRCUNVALAR
Pereira,AVENIDA CONDINA
Pereira,AVENIDA DE LAS AMERICAS
Pereira,AVENIDA DEL RIO
Pereira,AVENIDA DEL SUR
Pereira,AVENIDA LAS AMERICAS
Pereira,AVENIDA PINARES
Pereira,AVENIDA SUR
Pereira,BALCON DE PINARES
Pereira,BELMONTE
Pereira,"BELMONTE """"A"""""
Pereira,BELMONTE A
Pereira,BELMONTE B
Pereira,BELMONTE BAJO
Pereira,BERLIN
Pereira,BOSTON EL POBLADO
Pereira,BRISAS
Pereira,BUENOS AIRES
Pereira,CALLE 41
Pereira,CAMINOS DE CANAAN
Pereira,CANAAN
Pereira,CARACOL LA CURVA
Pereira,CARRERA 15
Pereira,CEDRITOS
Pereira,CENTENARIO
Pereira,CENTRAL
Pereira,CENTRO
Pereira,CENTRO PEREIRA
Pereira,CENTRO PLAZA BOLIVAR
Pereira,CENTRO SANTA ROSA DE CABAL
Pereira,CENTRO/SAN JORGE
Pereira,CERCA AL VIADUCTO
Pereira,CERRITOS
Pereira,CERRITOS / SECTOR EL TIGRE
Pereira,CERRITOS CAFELIA
Pereira,CERRITOS CAMPESTRE
Pereira,CERRITOS RISARALDA LAS PALMAS
Pereira,CERRITOS VIA CARTAGO
Pereira,CIRCUNVALAR
Pereira,CIRCUNVALAR ALAMOS
Pereira,CIUDAD JARDIN
Pereira,CND CAMPESTRE SAN JOSE DE LAS VILLAS
Pereira,COMBIA
Pereira,COMUNA CENTRO
Pereira,COMUNA CENTRO/SECTOR LAGO URIBE
Pereira,COMUNA CUBA/CUBA
Pereira,COMUNA CUBA/VIA CONDINA
Pereira,COMUNA GALICIA/GALICIA
Pereira,COMUNA OLIMPICA/LA VILLA
Pereira,COMUNA OLIMPICA/RINCON DE LA VILLA
Pereira,COMUNA SAN JOAQUIN/SAN JOAQUIN
Pereira,COMUNA UNIVERSIDAD / BARRIO PINARES
Pereira,COMUNA UNIVERSIDAD/LOS ALAMOS
Pereira,COMUNA UNIVERSIDAD/LOS ALPES
Pereira,COMUNA UNIVERSIDAD/PINARES
Pereira,COMUNA UNIVERSIDAD/SAN JOSE
Pereira,COMUNA UNIVERSIDAD/SAN JOSE SUR
Pereira,CONDINA
Pereira,CORALES
Pereira,COROCITO
Pereira,CORREGIMIENTO TRIBUNAS
Pereira,CRUCERO DE COMBIA
Pereira,CUBA
Pereira,CUBA SAN JOAQUIN
Pereira,CUIDAD JARDIN
Pereira,ELVIRA
Pereira,FLORIDA
Pereira,GALICIA
Pereira,GALICIA ALTA
Pereira,GALICIA BAJA
Pereira,GAMMA
Pereira,GAMMA BELMONTE
Pereira,GAVIOTAS
Pereira,GIBRALTAR
Pereira,HACIENDA CUBA
Pereira,HERMANDO VELEZ MARULANDA
Pereira,HOMECENTER
Pereira,HUERTAS EN PEREIRA
Pereira,INVICO
Pereira,JARDIN
Pereira,JARDIN I
Pereira,JARDINES DE TANAMBI
Pereira,KENNEDY
Pereira,MACARENA
Pereira,MALABAR
Pereira,MARAYA
Pereira,MEJIA ROBLEDO
Pereira,MERCASA
Pereira,MIRADOR
Pereira,MORELIA
Pereira,MTF LA VILLA
Pereira,MUNDO NUEVO
Pereira,NUEVO SOL
Pereira,OLAYA
Pereira,OLAYA HERRERA
Pereira,PARAJE COMBIA
Pereira,PARQUE INDUSTRIAL
Pereira,PARQUE INDUSTRIAL SECTOR A
Pereira,PASEO DE LA CASTELLANA
Pereira,PEREIRA
Pereira,PIMPOLLO
Pereira,PINARES
Pereira,PINARES ALTO
Pereira,PINARES DE SAN MARTIN
Pereira,POBLADO
Pereira,POBLADO ETA I
Pereira,POBLADO I
Pereira,POPULAR
Pereira,POPULAR MODELO
Pereira,PROVIDENCIA
Pereira,PROVIDENCIA CENTENARIO
Pereira,PUEBLITO CAFETERO
Pereira,PUNTO 30
Pereira,REBECA
Pereira,RESERVA DE LA JULITA
Pereira,ROSALES
Pereira,SABANITAS
Pereira,SAMARIA ETA II
Pereira,SAN FERNANDO
Pereira,SAN JOAQUIN
Pereira,SAN JOAQUIN PEREIRA
Pereira,SAN JOSE
Pereira,SAN JOSE PEREIRA
Pereira,SAN JOSE SUR
Pereira,SAN LUIS
Pereira,SAN LUIS GONZAGA
Pereira,SAN MATEO
Pereira,SAN SILVESTRE
Pereira,SAUCES ETA V
Pereira,SECTOR EL TIGRE
Pereira,SECTOR GALERIA CENTRAL
Pereira,TIGRE
Pereira,TIGRE CERRITOS
Pereira,TRES PUERTAS
Pereira,TRIBUNAS
Pereira,TURIN
Pereira,UNICENTRO
Pereira,VARIANTE CONDINA
Pereira,VENECIA
Pereira,VEREDA BETULIA
Pereira,VEREDA COMBIA
Pereira,VEREDA EL TIGRE
Pereira,VEREDA GAITAN
Pereira,VEREDA LA SIRIA
Pereira,VEREDA TRIBUNAS
Pereira,VIA ALCALA
Pereira,VIA ALTAGRACIA
Pereira,VIA ARMENIA
Pereira,VIA CERRITOS
Pereira,VIA CERRITOS CARTAGO
Pereira,VIA CERRITOS LA VIRGINIA
Pereira,VIA CONDINA
Pereira,VIA LA FLORIDA
Pereira,VIA LA VIRGINIA
Pereira,VIA MARSELLA
Pereira,VIA MONTELARGO
Pereira,VIA MORELIA
Pereira,VIA PEREIRA ARMENIA
Pereira,VIA PEREIRA LA VIRGINIA
Pereira,VIA VARIANTE CONDINA
Pereira,VIAJERO
Pereira,VICTORIA
Pereira,VILLA
Pereira,VILLA BELMONTE
Pereira,VILLA DEL PRADO
Pereira,VILLA OLIMPICA
Pereira,VILLA VERDE
Pereira,VILLA VICENCIO
Pereira,VILLAS DEL JARDIN II
Pereira,VIRGINIA
Sabaneta,3 ESQUINAS
Sabaneta,ALCAZAREZ
Sabaneta,ALIADAS
Sabaneta,ALIADAS DEL SUR
Sabaneta,ALTO DE LAS FLORES
Sabaneta,ANCON SUR
Sabaneta,ARIAS
Sabaneta,ASDESILLAS
Sabaneta,ASIC
Sabaneta,AV LAS VEGAS
Sabaneta,AVES MARIA
Sabaneta,AVES MARIA PARTE ALTA
Sabaneta,BARQUERENA
Sabaneta,BETANIA
Sabaneta,SABANETA
Sabaneta,BRISAS SABANETA
Sabaneta,CALLE DEL BANCO
Sabaneta,CALLE LARGA
Sabaneta,CALLE NUEVA
Sabaneta,CAÑAVERALEJO
Sabaneta,CANDELARIA
Sabaneta,CARMELO
Sabaneta,CASITAS
Sabaneta,CEIPA
Sabaneta,CENTRO
Sabaneta,CENTRO COMERCIAL MAYORCA
Sabaneta,CERAMICA
Sabaneta,CES
Sabaneta,DOCTORA
Sabaneta,ENTREAMIGOS
Sabaneta,ENVIGADO
Sabaneta,EURO
Sabaneta,FLORES
Sabaneta,FLORIDA
Sabaneta,GECOLSA
Sabaneta,HOLANDA
Sabaneta,HOSPITAL
Sabaneta,LAGOS DE LA DOCTORA
Sabaneta,LAGOS DEL SUR
Sabaneta,LOMA DE SAN JOSE
Sabaneta,LOMA LINDA
Sabaneta,LOMA SAN JOSE
Sabaneta,LOMA SAN REMO
Sabaneta,LOMITAS
Sabaneta,LOMITAS SECTOR LA TUNA
Sabaneta,MANUEL RESTREPO
Sabaneta,MARIA AUXILIADORA
Sabaneta,MAYORCA
Sabaneta,OTRO
Sabaneta,PAN DE AZUCAR
Sabaneta,PARQUE
Sabaneta,PARQUE DE LAS FLORES
Sabaneta,PARQUE DE SABANETA
Sabaneta,PARQUE PRINCIPAL
Sabaneta,PLAYAS DE DONA MARIA
Sabaneta,PLAYAS DE MARIA
Sabaneta,PRADOS DE SABANETA
Sabaneta,PROMISION
Sabaneta,RESTREPO NARANJO
Sabaneta,ROSALES
Sabaneta,SABANETA REAL
Sabaneta,SABANETA SAN JOSE
Sabaneta,SAN FERNANDO
Sabaneta,SAN JOAQUIN
Sabaneta,SAN JOSE
Sabaneta,SAN JOSE PARTE ALTA
Sabaneta,SAN JOSE PARTE BAJA
Sabaneta,SAN REMO
Sabaneta,SANTA ANA
Sabaneta,SANTANA
Sabaneta,SIN BARRIO
Sabaneta,TRAPICHE
Sabaneta,TRES ESQUINAS
Sabaneta,VARIANTE
Sabaneta,VARIANTE A CALDAS
Sabaneta,VEGAS
Sabaneta,VEGAS DE LA DOCTORA
Sabaneta,VEGAS DE SAN JOSE
Sabaneta,VEREDA CANAVERALEJO
Sabaneta,VEREDA LAS LOMITAS
Sabaneta,VEREDA PAN DE AZUCAR
Sabaneta,VEREDA SAN JOSE
Sabaneta,VILLA DEL CARMEN
Sabaneta,VILLA ROMERA
Sabaneta,VILLA ROMERA CAMPESTRE
Sabaneta,VILLAS DEL CARMEN
Sabaneta,VIRGEN DEL CARMEN
Sabaneta,ZONA CENTRO SABANETA
Santa Marta,11 DE NOVIEMBRE
Santa Marta,13 DE JUNIO
Santa Marta,AEROMAR
Santa Marta,AEROPUERTO
Santa Marta,ALCATRACES
Santa Marta,ALCAZAREZ
Santa Marta,ALTOS DE MAYORCA
Santa Marta,ALUNA BAVARIA
Santa Marta,ANDREA CAROLINA
Santa Marta,AVENIDA LIBERTADOR
Santa Marta,BAHIA POZOS COLORADOS
Santa Marta,BARRIO EL LIBANO
Santa Marta,BASTIDAS
Santa Marta,BAVARIA
Santa Marta,BAVARIA RESERVADO
Santa Marta,BAVARO INN
Santa Marta,BELLAVISTA
Santa Marta,BELLAVISTA LOS COCOS
Santa Marta,BELLO HORIZONTE
Santa Marta,BELLO HORIZONTE AEROPUERTO
Santa Marta,BELLO HORIZONTE POZOS COLORADOS
Santa Marta,BONDA
Santa Marta,BURECHE
Santa Marta,CENTRAL
Santa Marta,CENTRO
Santa Marta,CENTRO HISTORICO
Santa Marta,CIUDAD DEL SOL
Santa Marta,COCOS
Santa Marta,CONJUNTO AVIVA SIERRA
Santa Marta,CURINCA
Santa Marta,DECAMERON
Santa Marta,DESCONOCIDO
Santa Marta,DON JACA
Santa Marta,GAIRA
Santa Marta,GALICIA
Santa Marta,IROTAMA
Santa Marta,JARDIN
Santa Marta,LIBANO 2000
Santa Marta,MAMATOCO
Santa Marta,MANZANARES
Santa Marta,MAYOR
Santa Marta,MIRAFLORES
Santa Marta,NUEVA GALICIA
Santa Marta,OLIVOS
Santa Marta,PALMERAS
Santa Marta,PAZ
Santa Marta,PESCAITO
Santa Marta,PLAYA SALGUERO
Santa Marta,POZOS COLORADOS
Santa Marta,PRADO
Santa Marta,PUEBLITO
Santa Marta,PUERTO
Santa Marta,REPOSO
Santa Marta,RESERVA DE CURINCA
Santa Marta,RIASCOS
Santa Marta,RODADERO
Santa Marta,RODADERO NORTE
Santa Marta,RODADERO PLAYA SALGUERO
Santa Marta,RODADERO RESERVADO
Santa Marta,RODADERO SUR
Santa Marta,RODADERO TRADICIONAL
Santa Marta,RUTA DEL SOL
Santa Marta,SAN FRANCISCO
Santa Marta,SAN PEDRO ALEJANDRINO
Santa Marta,SANTA CATALINA
Santa Marta,SANTA CRUZ
Santa Marta,SANTA MARIA DEL MAR
Santa Marta,SANTA MARTA BELLO HORIZONTE
Santa Marta,SANTA MARTA POZOS COLORADOS
Santa Marta,SANTA MARTA RIASCOS
Santa Marta,SECTOR PLAYA DORMIDA
Santa Marta,SIERRADENTRO
Santa Marta,SIERRADENTRO / SIERRA MORENA
Santa Marta,TAYRONA
Santa Marta,TERRITORIAL
Santa Marta,TRONCAL
Santa Marta,TRONCOS
Santa Marta,UNION
Santa Marta,URBANIZACION EL RIO
Santa Marta,URBANIZACION SALGUERO
Santa Marta,VILLA OLIMPICA
Santa Marta,VISTA HERMOSA
Santa Marta,ZONA HOTEL DECAMERON
Soacha,ALTICO
Soacha,AV INDUMIL
Soacha,CAZUCA
Soacha,CAZUCA INDUSTRIAL
Soacha,CENTRO COMERCIAL MERCURIO
Soacha,CHUSACA
Soacha,CIUDAD VERDE
Soacha,COMPARTIR
Soacha,CR LA EVOLUCION
Soacha,DESPENSA
Soacha,HOGARES
Soacha,HOGARES DE SOACHA
Soacha,HOGARES SOACHA
Soacha,ILUSION LL
Soacha,INDUSTRIAL CAZUCA
Soacha,LEON XIII
Soacha,MAIPORE
Soacha,MAIPORE CONJUNTO LA MACARENA PH
Soacha,PARQUE CAMPESTRE
Soacha,PARQUE CAMPESTRE 3
Soacha,QUINTANARES
Soacha,SAN MATEO
Soacha,SOACHA CIUDAD VERDE
Soacha,SOACHA DANUBIO
Soacha,SOACHA MAIPORE
Soacha,SOACHA SAN MATEO
Soacha,SOACHA TERREROS
Soacha,UBATE SOACHA
Soacha,VIA SIBATE
Soacha,VIA SOACHA
Soacha,VINCULO
Soacha,ZONA INDUSTRIAL
